[2026-08-01 00:17:36] [INFO] ============================================================
[2026-08-01 00:17:36] [INFO] V-Shape IPM Motor AI Optimizer v5.2 (Fix Lan 3)
[2026-08-01 00:17:36] [INFO] Started: 2026-08-01 00:17:36
[2026-08-01 00:17:36] [INFO] ============================================================
[2026-08-01 00:17:37] [INFO] --- Generation 1 / 12 ---
[2026-08-01 00:17:37] [INFO] FEA needed for 5/5 candidates (rest from surrogate)
[2026-08-01 00:17:37] [INFO] Connecting to Ansys Electronics Desktop via win32com ActiveX...
[2026-08-01 00:17:38] [INFO] Connected to Ansys Electronics Desktop via COM ProgID: 'Ansoft.ElectronicsDesktop'
[2026-08-01 00:17:38] [WARNING]   [ActiveX] Free RAM 5.1 GB < 50% of total (56.8 GB): restarting AEDT COM session to avoid OOM crash...
[2026-08-01 00:18:27] [INFO]   [ActiveX] AEDT COM session restarted.
[2026-08-01 00:18:27] [INFO]   [Resource Monitor] [Candidate 1/5] System RAM: 10.2% used (51.03 GB / 56.81 GB free)
[2026-08-01 00:18:51] [INFO]   [ActiveX] [Candidate 1/5] Starting Analyze('Setup1')...
[2026-08-01 00:25:38] [INFO]   [ActiveX] [Candidate 1/5] Analyze('Setup1') completed.
[2026-08-01 00:25:40] [INFO]   [ActiveX] [Candidate 1/5] FEA simulation results exported to CSV.
[2026-08-01 00:25:41] [INFO]   [ActiveX] [Candidate 1/5] Successfully deleted temporary file 'temp_design_ind_1_1785511107635.aedt'.
[2026-08-01 00:25:42] [INFO]   [Resource Monitor] [Candidate 2/5] System RAM: 10.0% used (51.11 GB / 56.81 GB free)
[2026-08-01 00:25:56] [INFO]   [ActiveX] [Candidate 2/5] Starting Analyze('Setup1')...
[2026-08-01 00:31:19] [INFO]   [ActiveX] [Candidate 2/5] Analyze('Setup1') completed.
[2026-08-01 00:31:21] [INFO]   [ActiveX] [Candidate 2/5] FEA simulation results exported to CSV.
[2026-08-01 00:31:22] [INFO]   [ActiveX] [Candidate 2/5] Successfully deleted temporary file 'temp_design_ind_2_1785511542036.aedt'.
[2026-08-01 00:31:22] [WARNING]   [ActiveX] Free RAM 27.7 GB < 50% of total (56.8 GB): restarting AEDT COM session to avoid OOM crash...
[2026-08-01 00:32:02] [INFO]   [ActiveX] AEDT COM session restarted.
[2026-08-01 00:32:03] [INFO]   [Resource Monitor] [Candidate 3/5] System RAM: 9.5% used (51.41 GB / 56.81 GB free)
[2026-08-01 00:32:21] [INFO]   [ActiveX] [Candidate 3/5] Starting Analyze('Setup1')...
[2026-08-01 00:38:15] [INFO]   [ActiveX] [Candidate 3/5] Analyze('Setup1') completed.
[2026-08-01 00:38:17] [INFO]   [ActiveX] [Candidate 3/5] FEA simulation results exported to CSV.
[2026-08-01 00:38:19] [INFO]   [ActiveX] [Candidate 3/5] Successfully deleted temporary file 'temp_design_ind_3_1785511922902.aedt'.
[2026-08-01 00:38:19] [INFO]   [Resource Monitor] [Candidate 4/5] System RAM: 10.4% used (50.90 GB / 56.81 GB free)
[2026-08-01 00:38:34] [INFO]   [ActiveX] [Candidate 4/5] Starting Analyze('Setup1')...
[2026-08-01 00:44:00] [INFO]   [ActiveX] [Candidate 4/5] Analyze('Setup1') completed.
[2026-08-01 00:44:02] [INFO]   [ActiveX] [Candidate 4/5] FEA simulation results exported to CSV.
[2026-08-01 00:44:03] [INFO]   [ActiveX] [Candidate 4/5] Successfully deleted temporary file 'temp_design_ind_4_1785512299492.aedt'.
[2026-08-01 00:44:03] [WARNING]   [ActiveX] Free RAM 27.3 GB < 50% of total (56.8 GB): restarting AEDT COM session to avoid OOM crash...
[2026-08-01 00:44:46] [INFO]   [ActiveX] AEDT COM session restarted.
[2026-08-01 00:44:46] [INFO]   [Resource Monitor] [Candidate 5/5] System RAM: 10.1% used (51.09 GB / 56.81 GB free)
[2026-08-01 00:45:06] [INFO]   [ActiveX] [Candidate 5/5] Starting Analyze('Setup1')...
[2026-08-01 00:45:15] [WARNING]   [ActiveX] [Candidate 5/5] Attempt 1/3 failed ((-2147352567, 'Exception occurred.', (0, None, None, None, 0, -2147024349), None)). Retrying...
[2026-08-01 00:45:21] [INFO]   [Resource Monitor] [Candidate 5/5] System RAM: 10.8% used (50.67 GB / 56.81 GB free)
[2026-08-01 00:45:36] [INFO]   [ActiveX] [Candidate 5/5] Starting Analyze('Setup1')...
[2026-08-01 00:45:45] [WARNING]   [ActiveX] [Candidate 5/5] Attempt 2/3 failed ((-2147352567, 'Exception occurred.', (0, None, None, None, 0, -2147024349), None)). Retrying...
[2026-08-01 00:45:51] [INFO]   [Resource Monitor] [Candidate 5/5] System RAM: 14.7% used (48.45 GB / 56.81 GB free)
[2026-08-01 00:46:06] [INFO]   [ActiveX] [Candidate 5/5] Starting Analyze('Setup1')...
[2026-08-01 00:46:15] [WARNING]   [ActiveX] [Candidate 5/5] Attempt 3/3 failed ((-2147352567, 'Exception occurred.', (0, None, None, None, 0, -2147024349), None)). Retrying...
[2026-08-01 00:46:21] [ERROR]   [ActiveX] [Candidate 5/5] FEA simulation failed after 3 attempts. Generating penalized surrogate fallback.
[2026-08-01 00:46:21] [INFO]   [ActiveX] [Candidate 5/5] Successfully deleted temporary file 'temp_design_ind_5_1785512686848.aedt'.
[2026-08-01 00:46:22] [INFO] Gen 1 | 4D Hypervolume: 0.172101 | Pareto Spacing: 0.3983 | Best Score: 90.2497
[2026-08-01 00:46:22] [INFO] FEA needed for 5/5 candidates (rest from surrogate)
[2026-08-01 00:46:22] [INFO] Connecting to Ansys Electronics Desktop via win32com ActiveX...
[2026-08-01 00:46:22] [INFO] Connected to Ansys Electronics Desktop via COM ProgID: 'Ansoft.ElectronicsDesktop'
[2026-08-01 00:46:22] [INFO]   [Resource Monitor] [Candidate 1/5] System RAM: 18.8% used (46.15 GB / 56.81 GB free)
[2026-08-01 00:46:37] [INFO]   [ActiveX] [Candidate 1/5] Starting Analyze('Setup1')...
[2026-08-01 00:52:33] [INFO]   [ActiveX] [Candidate 1/5] Analyze('Setup1') completed.
[2026-08-01 00:52:35] [INFO]   [ActiveX] [Candidate 1/5] FEA simulation results exported to CSV.
[2026-08-01 00:52:36] [INFO]   [ActiveX] [Candidate 1/5] Successfully deleted temporary file 'temp_design_ind_1_1785512782408.aedt'.
[2026-08-01 00:52:36] [WARNING]   [ActiveX] Free RAM 20.8 GB < 50% of total (56.8 GB): restarting AEDT COM session to avoid OOM crash...
[2026-08-01 00:53:18] [INFO]   [ActiveX] AEDT COM session restarted.
[2026-08-01 00:53:18] [INFO]   [Resource Monitor] [Candidate 2/5] System RAM: 10.1% used (51.07 GB / 56.81 GB free)
[2026-08-01 00:53:39] [INFO]   [ActiveX] [Candidate 2/5] Starting Analyze('Setup1')...
[2026-08-01 00:53:49] [WARNING]   [ActiveX] [Candidate 2/5] Attempt 1/3 failed ((-2147352567, 'Exception occurred.', (0, None, None, None, 0, -2147024349), None)). Retrying...
[2026-08-01 00:53:54] [INFO]   [Resource Monitor] [Candidate 2/5] System RAM: 10.9% used (50.60 GB / 56.81 GB free)
[2026-08-01 00:54:09] [INFO]   [ActiveX] [Candidate 2/5] Starting Analyze('Setup1')...
[2026-08-01 00:54:19] [WARNING]   [ActiveX] [Candidate 2/5] Attempt 2/3 failed ((-2147352567, 'Exception occurred.', (0, None, None, None, 0, -2147024349), None)). Retrying...
[2026-08-01 00:54:24] [INFO]   [Resource Monitor] [Candidate 2/5] System RAM: 14.8% used (48.40 GB / 56.81 GB free)
[2026-08-01 00:54:40] [INFO]   [ActiveX] [Candidate 2/5] Starting Analyze('Setup1')...
[2026-08-01 00:54:49] [WARNING]   [ActiveX] [Candidate 2/5] Attempt 3/3 failed ((-2147352567, 'Exception occurred.', (0, None, None, None, 0, -2147024349), None)). Retrying...
[2026-08-01 00:54:54] [ERROR]   [ActiveX] [Candidate 2/5] FEA simulation failed after 3 attempts. Generating penalized surrogate fallback.
[2026-08-01 00:54:55] [INFO]   [ActiveX] [Candidate 2/5] Successfully deleted temporary file 'temp_design_ind_2_1785513198377.aedt'.
[2026-08-01 00:54:55] [INFO]   [Resource Monitor] [Candidate 3/5] System RAM: 18.8% used (46.12 GB / 56.81 GB free)
[2026-08-01 00:55:10] [INFO]   [ActiveX] [Candidate 3/5] Starting Analyze('Setup1')...
[2026-08-01 01:00:31] [INFO]   [ActiveX] [Candidate 3/5] Analyze('Setup1') completed.
[2026-08-01 01:00:33] [INFO]   [ActiveX] [Candidate 3/5] FEA simulation results exported to CSV.
[2026-08-01 01:00:34] [INFO]   [ActiveX] [Candidate 3/5] Successfully deleted temporary file 'temp_design_ind_3_1785513295520.aedt'.
[2026-08-01 01:00:34] [WARNING]   [ActiveX] Free RAM 23.0 GB < 50% of total (56.8 GB): restarting AEDT COM session to avoid OOM crash...
[2026-08-01 01:01:16] [INFO]   [ActiveX] AEDT COM session restarted.
[2026-08-01 01:01:16] [INFO]   [Resource Monitor] [Candidate 4/5] System RAM: 10.2% used (51.02 GB / 56.81 GB free)
[2026-08-01 01:01:36] [INFO]   [ActiveX] [Candidate 4/5] Starting Analyze('Setup1')...
[2026-08-01 01:06:33] [INFO]   [ActiveX] [Candidate 4/5] Analyze('Setup1') completed.
[2026-08-01 01:06:34] [INFO]   [ActiveX] [Candidate 4/5] FEA simulation results exported to CSV.
[2026-08-01 01:06:36] [INFO]   [ActiveX] [Candidate 4/5] Successfully deleted temporary file 'temp_design_ind_4_1785513676853.aedt'.
[2026-08-01 01:06:36] [INFO]   [Resource Monitor] [Candidate 5/5] System RAM: 10.5% used (50.82 GB / 56.81 GB free)
[2026-08-01 01:06:50] [INFO]   [ActiveX] [Candidate 5/5] Starting Analyze('Setup1')...
[2026-08-01 01:12:00] [INFO]   [ActiveX] [Candidate 5/5] Analyze('Setup1') completed.
[2026-08-01 01:12:01] [INFO]   [ActiveX] [Candidate 5/5] FEA simulation results exported to CSV.
[2026-08-01 01:12:03] [INFO]   [ActiveX] [Candidate 5/5] Successfully deleted temporary file 'temp_design_ind_5_1785513996233.aedt'.
[2026-08-01 01:12:03] [DEBUG] Checkpoint saved after generation 1
[2026-08-01 01:12:03] [INFO] --- Generation 2 / 12 ---
[2026-08-01 01:12:03] [INFO] Gen 2 | 4D Hypervolume: 0.190194 | Pareto Spacing: 0.4893 | Best Score: 90.2497
[2026-08-01 01:12:03] [INFO] FEA needed for 5/5 candidates (rest from surrogate)
[2026-08-01 01:12:03] [INFO] Connecting to Ansys Electronics Desktop via win32com ActiveX...
[2026-08-01 01:12:03] [INFO] Connected to Ansys Electronics Desktop via COM ProgID: 'Ansoft.ElectronicsDesktop'
[2026-08-01 01:12:03] [WARNING]   [ActiveX] Free RAM 28.2 GB < 50% of total (56.8 GB): restarting AEDT COM session to avoid OOM crash...
[2026-08-01 01:12:46] [INFO]   [ActiveX] AEDT COM session restarted.
[2026-08-01 01:12:46] [INFO]   [Resource Monitor] [Candidate 1/5] System RAM: 10.2% used (51.02 GB / 56.81 GB free)
[2026-08-01 01:13:05] [INFO]   [ActiveX] [Candidate 1/5] Starting Analyze('Setup1')...
[2026-08-01 01:18:06] [INFO]   [ActiveX] [Candidate 1/5] Analyze('Setup1') completed.
[2026-08-01 01:18:08] [INFO]   [ActiveX] [Candidate 1/5] FEA simulation results exported to CSV.
[2026-08-01 01:18:09] [INFO]   [ActiveX] [Candidate 1/5] Successfully deleted temporary file 'temp_design_ind_1_1785514366183.aedt'.
[2026-08-01 01:18:09] [INFO]   [Resource Monitor] [Candidate 2/5] System RAM: 10.6% used (50.79 GB / 56.81 GB free)
[2026-08-01 01:18:23] [INFO]   [ActiveX] [Candidate 2/5] Starting Analyze('Setup1')...
[2026-08-01 01:24:32] [INFO]   [ActiveX] [Candidate 2/5] Analyze('Setup1') completed.
[2026-08-01 01:24:33] [INFO]   [ActiveX] [Candidate 2/5] FEA simulation results exported to CSV.
[2026-08-01 01:24:34] [INFO]   [ActiveX] [Candidate 2/5] Successfully deleted temporary file 'temp_design_ind_2_1785514689383.aedt'.
[2026-08-01 01:24:34] [WARNING]   [ActiveX] Free RAM 24.6 GB < 50% of total (56.8 GB): restarting AEDT COM session to avoid OOM crash...
[2026-08-01 01:25:16] [INFO]   [ActiveX] AEDT COM session restarted.
[2026-08-01 01:25:16] [INFO]   [Resource Monitor] [Candidate 3/5] System RAM: 10.1% used (51.06 GB / 56.81 GB free)
[2026-08-01 01:25:35] [INFO]   [ActiveX] [Candidate 3/5] Starting Analyze('Setup1')...
[2026-08-01 01:30:48] [INFO]   [ActiveX] [Candidate 3/5] Analyze('Setup1') completed.
[2026-08-01 01:30:50] [INFO]   [ActiveX] [Candidate 3/5] FEA simulation results exported to CSV.
[2026-08-01 01:30:51] [INFO]   [ActiveX] [Candidate 3/5] Successfully deleted temporary file 'temp_design_ind_3_1785515116263.aedt'.
[2026-08-01 01:30:51] [INFO]   [Resource Monitor] [Candidate 4/5] System RAM: 10.6% used (50.77 GB / 56.81 GB free)
[2026-08-01 01:31:05] [INFO]   [ActiveX] [Candidate 4/5] Starting Analyze('Setup1')...
[2026-08-01 01:36:32] [INFO]   [ActiveX] [Candidate 4/5] Analyze('Setup1') completed.
[2026-08-01 01:36:34] [INFO]   [ActiveX] [Candidate 4/5] FEA simulation results exported to CSV.
[2026-08-01 01:36:36] [INFO]   [ActiveX] [Candidate 4/5] Successfully deleted temporary file 'temp_design_ind_4_1785515451656.aedt'.
[2026-08-01 01:36:36] [WARNING]   [ActiveX] Free RAM 27.1 GB < 50% of total (56.8 GB): restarting AEDT COM session to avoid OOM crash...
[2026-08-01 01:37:17] [INFO]   [ActiveX] AEDT COM session restarted.
[2026-08-01 01:37:17] [INFO]   [Resource Monitor] [Candidate 5/5] System RAM: 10.1% used (51.06 GB / 56.81 GB free)
[2026-08-01 01:37:36] [INFO]   [ActiveX] [Candidate 5/5] Starting Analyze('Setup1')...
[2026-08-01 01:43:11] [INFO]   [ActiveX] [Candidate 5/5] Analyze('Setup1') completed.
[2026-08-01 01:43:13] [INFO]   [ActiveX] [Candidate 5/5] FEA simulation results exported to CSV.
[2026-08-01 01:43:14] [INFO]   [ActiveX] [Candidate 5/5] Successfully deleted temporary file 'temp_design_ind_5_1785515837587.aedt'.
[2026-08-01 01:43:14] [DEBUG] Checkpoint saved after generation 2
[2026-08-01 01:43:14] [INFO] --- Generation 3 / 12 ---
[2026-08-01 01:43:16] [INFO] Gen 3 | 4D Hypervolume: 0.274541 | Pareto Spacing: 0.6878 | Best Score: 90.2497
[2026-08-01 01:43:16] [INFO] All candidates handled by surrogate (no FEA needed)
[2026-08-01 01:43:16] [DEBUG] Checkpoint saved after generation 3
[2026-08-01 01:43:16] [INFO] --- Generation 4 / 12 ---
[2026-08-01 01:43:18] [INFO] Gen 4 | 4D Hypervolume: 0.383520 | Pareto Spacing: 0.5290 | Best Score: 90.2497
[2026-08-01 01:43:18] [INFO] FEA needed for 1/5 candidates (rest from surrogate)
[2026-08-01 01:43:18] [INFO] Connecting to Ansys Electronics Desktop via win32com ActiveX...
[2026-08-01 01:43:18] [INFO] Connected to Ansys Electronics Desktop via COM ProgID: 'Ansoft.ElectronicsDesktop'
[2026-08-01 01:43:18] [INFO]   [Resource Monitor] [Candidate 1/1] System RAM: 11.2% used (50.47 GB / 56.81 GB free)
[2026-08-01 01:43:33] [INFO]   [ActiveX] [Candidate 1/1] Starting Analyze('Setup1')...
[2026-08-01 01:48:52] [INFO]   [ActiveX] [Candidate 1/1] Analyze('Setup1') completed.
[2026-08-01 01:48:54] [INFO]   [ActiveX] [Candidate 1/1] FEA simulation results exported to CSV.
[2026-08-01 01:48:56] [INFO]   [ActiveX] [Candidate 1/1] Successfully deleted temporary file 'temp_design_ind_1_1785516198654.aedt'.
[2026-08-01 01:48:56] [DEBUG] Checkpoint saved after generation 4
[2026-08-01 01:48:56] [INFO] --- Generation 5 / 12 ---
[2026-08-01 01:48:57] [INFO] Gen 5 | 4D Hypervolume: 0.363951 | Pareto Spacing: 0.5385 | Best Score: 90.2497
[2026-08-01 01:48:57] [INFO] FEA needed for 5/5 candidates (rest from surrogate)
[2026-08-01 01:48:57] [INFO] Connecting to Ansys Electronics Desktop via win32com ActiveX...
[2026-08-01 01:48:58] [INFO] Connected to Ansys Electronics Desktop via COM ProgID: 'Ansoft.ElectronicsDesktop'
[2026-08-01 01:48:58] [WARNING]   [ActiveX] Free RAM 27.5 GB < 50% of total (56.8 GB): restarting AEDT COM session to avoid OOM crash...
[2026-08-01 01:49:40] [INFO]   [ActiveX] AEDT COM session restarted.
[2026-08-01 01:49:40] [INFO]   [Resource Monitor] [Candidate 1/5] System RAM: 10.3% used (50.98 GB / 56.81 GB free)
[2026-08-01 01:50:00] [INFO]   [ActiveX] [Candidate 1/5] Starting Analyze('Setup1')...
[2026-08-01 01:55:24] [INFO]   [ActiveX] [Candidate 1/5] Analyze('Setup1') completed.
[2026-08-01 01:55:25] [INFO]   [ActiveX] [Candidate 1/5] FEA simulation results exported to CSV.
[2026-08-01 01:55:27] [INFO]   [ActiveX] [Candidate 1/5] Successfully deleted temporary file 'temp_design_ind_1_1785516580407.aedt'.
[2026-08-01 01:55:27] [INFO]   [Resource Monitor] [Candidate 2/5] System RAM: 10.6% used (50.77 GB / 56.81 GB free)
[2026-08-01 01:55:41] [INFO]   [ActiveX] [Candidate 2/5] Starting Analyze('Setup1')...
[2026-08-01 02:00:59] [INFO]   [ActiveX] [Candidate 2/5] Analyze('Setup1') completed.
[2026-08-01 02:01:00] [INFO]   [ActiveX] [Candidate 2/5] FEA simulation results exported to CSV.
[2026-08-01 02:01:02] [INFO]   [ActiveX] [Candidate 2/5] Successfully deleted temporary file 'temp_design_ind_2_1785516927182.aedt'.
[2026-08-01 02:01:02] [WARNING]   [ActiveX] Free RAM 27.8 GB < 50% of total (56.8 GB): restarting AEDT COM session to avoid OOM crash...
[2026-08-01 02:01:44] [INFO]   [ActiveX] AEDT COM session restarted.
[2026-08-01 02:01:44] [INFO]   [Resource Monitor] [Candidate 3/5] System RAM: 10.0% used (51.14 GB / 56.81 GB free)
[2026-08-01 02:02:03] [INFO]   [ActiveX] [Candidate 3/5] Starting Analyze('Setup1')...
[2026-08-01 02:07:43] [INFO]   [ActiveX] [Candidate 3/5] Analyze('Setup1') completed.
[2026-08-01 02:07:44] [INFO]   [ActiveX] [Candidate 3/5] FEA simulation results exported to CSV.
[2026-08-01 02:07:45] [INFO]   [ActiveX] [Candidate 3/5] Successfully deleted temporary file 'temp_design_ind_3_1785517304366.aedt'.
[2026-08-01 02:07:45] [INFO]   [Resource Monitor] [Candidate 4/5] System RAM: 10.4% used (50.91 GB / 56.81 GB free)
[2026-08-01 02:07:59] [INFO]   [ActiveX] [Candidate 4/5] Starting Analyze('Setup1')...
[2026-08-01 02:12:39] [INFO]   [ActiveX] [Candidate 4/5] Analyze('Setup1') completed.
[2026-08-01 02:12:39] [INFO]   [ActiveX] [Candidate 4/5] FEA simulation results exported to CSV.
[2026-08-01 02:12:40] [INFO]   [ActiveX] [Candidate 4/5] Successfully deleted temporary file 'temp_design_ind_4_1785517665410.aedt'.
[2026-08-01 02:12:41] [INFO]   [Resource Monitor] [Candidate 5/5] System RAM: 46.2% used (30.54 GB / 56.81 GB free)
[2026-08-01 02:12:55] [INFO]   [ActiveX] [Candidate 5/5] Starting Analyze('Setup1')...
[2026-08-01 02:18:22] [INFO]   [ActiveX] [Candidate 5/5] Analyze('Setup1') completed.
[2026-08-01 02:18:23] [INFO]   [ActiveX] [Candidate 5/5] FEA simulation results exported to CSV.
[2026-08-01 02:18:24] [INFO]   [ActiveX] [Candidate 5/5] Successfully deleted temporary file 'temp_design_ind_5_1785517961073.aedt'.
[2026-08-01 02:18:25] [DEBUG] Checkpoint saved after generation 5
[2026-08-01 02:18:25] [INFO] --- Generation 6 / 12 ---
[2026-08-01 02:18:27] [INFO] Gen 6 | 4D Hypervolume: 0.358639 | Pareto Spacing: 0.5886 | Best Score: 90.2497
[2026-08-01 02:18:27] [INFO] FEA needed for 2/5 candidates (rest from surrogate)
[2026-08-01 02:18:27] [INFO] Connecting to Ansys Electronics Desktop via win32com ActiveX...
[2026-08-01 02:18:28] [INFO] Connected to Ansys Electronics Desktop via COM ProgID: 'Ansoft.ElectronicsDesktop'
[2026-08-01 02:18:28] [WARNING]   [ActiveX] Free RAM 7.9 GB < 50% of total (56.8 GB): restarting AEDT COM session to avoid OOM crash...
[2026-08-01 02:19:09] [INFO]   [ActiveX] AEDT COM session restarted.
[2026-08-01 02:19:09] [INFO]   [Resource Monitor] [Candidate 1/2] System RAM: 9.7% used (51.30 GB / 56.81 GB free)
[2026-08-01 02:19:27] [INFO]   [ActiveX] [Candidate 1/2] Starting Analyze('Setup1')...
[2026-08-01 02:24:43] [INFO]   [ActiveX] [Candidate 1/2] Analyze('Setup1') completed.
[2026-08-01 02:24:44] [INFO]   [ActiveX] [Candidate 1/2] FEA simulation results exported to CSV.
[2026-08-01 02:24:46] [INFO]   [ActiveX] [Candidate 1/2] Successfully deleted temporary file 'temp_design_ind_1_1785518349496.aedt'.
[2026-08-01 02:24:46] [INFO]   [Resource Monitor] [Candidate 2/2] System RAM: 10.2% used (51.00 GB / 56.81 GB free)
[2026-08-01 02:25:00] [INFO]   [ActiveX] [Candidate 2/2] Starting Analyze('Setup1')...
[2026-08-01 02:30:33] [INFO]   [ActiveX] [Candidate 2/2] Analyze('Setup1') completed.
[2026-08-01 02:30:34] [INFO]   [ActiveX] [Candidate 2/2] FEA simulation results exported to CSV.
[2026-08-01 02:30:36] [INFO]   [ActiveX] [Candidate 2/2] Successfully deleted temporary file 'temp_design_ind_2_1785518686346.aedt'.
[2026-08-01 02:30:36] [DEBUG] Checkpoint saved after generation 6
[2026-08-01 02:30:36] [INFO] --- Generation 7 / 12 ---
[2026-08-01 02:30:39] [INFO] Gen 7 | 4D Hypervolume: 0.358639 | Pareto Spacing: 0.5886 | Best Score: 90.2497
[2026-08-01 02:30:40] [INFO] FEA needed for 2/5 candidates (rest from surrogate)
[2026-08-01 02:30:40] [INFO] Connecting to Ansys Electronics Desktop via win32com ActiveX...
[2026-08-01 02:30:40] [INFO] Connected to Ansys Electronics Desktop via COM ProgID: 'Ansoft.ElectronicsDesktop'
[2026-08-01 02:30:40] [WARNING]   [ActiveX] Free RAM 26.3 GB < 50% of total (56.8 GB): restarting AEDT COM session to avoid OOM crash...
[2026-08-01 02:31:22] [INFO]   [ActiveX] AEDT COM session restarted.
[2026-08-01 02:31:22] [INFO]   [Resource Monitor] [Candidate 1/2] System RAM: 9.8% used (51.26 GB / 56.81 GB free)
[2026-08-01 02:31:40] [INFO]   [ActiveX] [Candidate 1/2] Starting Analyze('Setup1')...
[2026-08-01 02:37:12] [INFO]   [ActiveX] [Candidate 1/2] Analyze('Setup1') completed.
[2026-08-01 02:37:13] [INFO]   [ActiveX] [Candidate 1/2] FEA simulation results exported to CSV.
[2026-08-01 02:37:14] [INFO]   [ActiveX] [Candidate 1/2] Successfully deleted temporary file 'temp_design_ind_1_1785519082232.aedt'.
[2026-08-01 02:37:14] [INFO]   [Resource Monitor] [Candidate 2/2] System RAM: 10.2% used (51.03 GB / 56.81 GB free)
[2026-08-01 02:37:28] [INFO]   [ActiveX] [Candidate 2/2] Starting Analyze('Setup1')...
[2026-08-01 02:43:04] [INFO]   [ActiveX] [Candidate 2/2] Analyze('Setup1') completed.
[2026-08-01 02:43:05] [INFO]   [ActiveX] [Candidate 2/2] FEA simulation results exported to CSV.
[2026-08-01 02:43:06] [INFO]   [ActiveX] [Candidate 2/2] Successfully deleted temporary file 'temp_design_ind_2_1785519434770.aedt'.
[2026-08-01 02:43:06] [DEBUG] Checkpoint saved after generation 7
[2026-08-01 02:43:06] [INFO] --- Generation 8 / 12 ---
[2026-08-01 02:43:11] [INFO] Gen 8 | 4D Hypervolume: 0.406595 | Pareto Spacing: 0.3668 | Best Score: 90.2497
[2026-08-01 02:43:11] [INFO] FEA needed for 2/5 candidates (rest from surrogate)
[2026-08-01 02:43:11] [INFO] Connecting to Ansys Electronics Desktop via win32com ActiveX...
[2026-08-01 02:43:11] [INFO] Connected to Ansys Electronics Desktop via COM ProgID: 'Ansoft.ElectronicsDesktop'
[2026-08-01 02:43:11] [WARNING]   [ActiveX] Free RAM 26.7 GB < 50% of total (56.8 GB): restarting AEDT COM session to avoid OOM crash...
[2026-08-01 02:43:57] [INFO]   [ActiveX] AEDT COM session restarted.
[2026-08-01 02:43:57] [INFO]   [Resource Monitor] [Candidate 1/2] System RAM: 10.3% used (50.98 GB / 56.81 GB free)
[2026-08-01 02:44:17] [INFO]   [ActiveX] [Candidate 1/2] Starting Analyze('Setup1')...
[2026-08-01 02:50:29] [INFO]   [ActiveX] [Candidate 1/2] Analyze('Setup1') completed.
[2026-08-01 02:50:30] [INFO]   [ActiveX] [Candidate 1/2] FEA simulation results exported to CSV.
[2026-08-01 02:50:32] [INFO]   [ActiveX] [Candidate 1/2] Successfully deleted temporary file 'temp_design_ind_1_1785519837065.aedt'.
[2026-08-01 02:50:32] [INFO]   [Resource Monitor] [Candidate 2/2] System RAM: 11.0% used (50.58 GB / 56.81 GB free)
[2026-08-01 02:50:46] [INFO]   [ActiveX] [Candidate 2/2] Starting Analyze('Setup1')...
[2026-08-01 02:56:24] [INFO]   [ActiveX] [Candidate 2/2] Analyze('Setup1') completed.
[2026-08-01 02:56:25] [INFO]   [ActiveX] [Candidate 2/2] FEA simulation results exported to CSV.
[2026-08-01 02:56:26] [INFO]   [ActiveX] [Candidate 2/2] Successfully deleted temporary file 'temp_design_ind_2_1785520232444.aedt'.
[2026-08-01 02:56:26] [DEBUG] Checkpoint saved after generation 8
[2026-08-01 02:56:26] [INFO] --- Generation 9 / 12 ---
[2026-08-01 02:56:30] [INFO] Gen 9 | 4D Hypervolume: 0.397109 | Pareto Spacing: 0.3927 | Best Score: 90.2497
[2026-08-01 02:56:31] [INFO] FEA needed for 5/5 candidates (rest from surrogate)
[2026-08-01 02:56:31] [INFO] Connecting to Ansys Electronics Desktop via win32com ActiveX...
[2026-08-01 02:56:31] [INFO] Connected to Ansys Electronics Desktop via COM ProgID: 'Ansoft.ElectronicsDesktop'
[2026-08-01 02:56:31] [WARNING]   [ActiveX] Free RAM 25.9 GB < 50% of total (56.8 GB): restarting AEDT COM session to avoid OOM crash...
[2026-08-01 02:57:14] [INFO]   [ActiveX] AEDT COM session restarted.
[2026-08-01 02:57:14] [INFO]   [Resource Monitor] [Candidate 1/5] System RAM: 10.4% used (50.90 GB / 56.81 GB free)
[2026-08-01 02:57:32] [INFO]   [ActiveX] [Candidate 1/5] Starting Analyze('Setup1')...
[2026-08-01 03:03:01] [INFO]   [ActiveX] [Candidate 1/5] Analyze('Setup1') completed.
[2026-08-01 03:03:01] [INFO]   [ActiveX] [Candidate 1/5] FEA simulation results exported to CSV.
[2026-08-01 03:03:03] [INFO]   [ActiveX] [Candidate 1/5] Successfully deleted temporary file 'temp_design_ind_1_1785520634362.aedt'.
[2026-08-01 03:03:03] [INFO]   [Resource Monitor] [Candidate 2/5] System RAM: 10.8% used (50.68 GB / 56.81 GB free)
[2026-08-01 03:03:17] [INFO]   [ActiveX] [Candidate 2/5] Starting Analyze('Setup1')...
[2026-08-01 03:08:46] [INFO]   [ActiveX] [Candidate 2/5] Analyze('Setup1') completed.
[2026-08-01 03:08:47] [INFO]   [ActiveX] [Candidate 2/5] FEA simulation results exported to CSV.
[2026-08-01 03:08:49] [INFO]   [ActiveX] [Candidate 2/5] Successfully deleted temporary file 'temp_design_ind_2_1785520983252.aedt'.
[2026-08-01 03:08:49] [WARNING]   [ActiveX] Free RAM 26.8 GB < 50% of total (56.8 GB): restarting AEDT COM session to avoid OOM crash...
[2026-08-01 03:09:30] [INFO]   [ActiveX] AEDT COM session restarted.
[2026-08-01 03:09:30] [INFO]   [Resource Monitor] [Candidate 3/5] System RAM: 10.5% used (50.87 GB / 56.81 GB free)
[2026-08-01 03:09:48] [INFO]   [ActiveX] [Candidate 3/5] Starting Analyze('Setup1')...
[2026-08-01 03:15:26] [INFO]   [ActiveX] [Candidate 3/5] Analyze('Setup1') completed.
[2026-08-01 03:15:28] [INFO]   [ActiveX] [Candidate 3/5] FEA simulation results exported to CSV.
[2026-08-01 03:15:30] [INFO]   [ActiveX] [Candidate 3/5] Successfully deleted temporary file 'temp_design_ind_3_1785521370510.aedt'.
[2026-08-01 03:15:30] [INFO]   [Resource Monitor] [Candidate 4/5] System RAM: 11.2% used (50.45 GB / 56.81 GB free)
[2026-08-01 03:15:44] [INFO]   [ActiveX] [Candidate 4/5] Starting Analyze('Setup1')...
[2026-08-01 03:21:27] [INFO]   [ActiveX] [Candidate 4/5] Analyze('Setup1') completed.
[2026-08-01 03:21:28] [INFO]   [ActiveX] [Candidate 4/5] FEA simulation results exported to CSV.
[2026-08-01 03:21:29] [INFO]   [ActiveX] [Candidate 4/5] Successfully deleted temporary file 'temp_design_ind_4_1785521730250.aedt'.
[2026-08-01 03:21:29] [WARNING]   [ActiveX] Free RAM 26.1 GB < 50% of total (56.8 GB): restarting AEDT COM session to avoid OOM crash...
[2026-08-01 03:22:11] [INFO]   [ActiveX] AEDT COM session restarted.
[2026-08-01 03:22:12] [INFO]   [Resource Monitor] [Candidate 5/5] System RAM: 10.6% used (50.76 GB / 56.81 GB free)
[2026-08-01 03:22:31] [INFO]   [ActiveX] [Candidate 5/5] Starting Analyze('Setup1')...
[2026-08-01 03:27:22] [INFO]   [ActiveX] [Candidate 5/5] Analyze('Setup1') completed.
[2026-08-01 03:27:23] [INFO]   [ActiveX] [Candidate 5/5] FEA simulation results exported to CSV.
[2026-08-01 03:27:24] [INFO]   [ActiveX] [Candidate 5/5] Successfully deleted temporary file 'temp_design_ind_5_1785522131967.aedt'.
[2026-08-01 03:27:25] [DEBUG] Checkpoint saved after generation 9
[2026-08-01 03:27:25] [INFO] --- Generation 10 / 12 ---
[2026-08-01 03:27:30] [INFO] Gen 10 | 4D Hypervolume: 0.368768 | Pareto Spacing: 0.5231 | Best Score: 90.2497
[2026-08-01 03:27:30] [INFO] FEA needed for 4/5 candidates (rest from surrogate)
[2026-08-01 03:27:30] [INFO] Connecting to Ansys Electronics Desktop via win32com ActiveX...
[2026-08-01 03:27:30] [INFO] Connected to Ansys Electronics Desktop via COM ProgID: 'Ansoft.ElectronicsDesktop'
[2026-08-01 03:27:30] [INFO]   [Resource Monitor] [Candidate 1/4] System RAM: 11.8% used (50.13 GB / 56.81 GB free)
[2026-08-01 03:27:44] [INFO]   [ActiveX] [Candidate 1/4] Starting Analyze('Setup1')...
[2026-08-01 03:33:34] [INFO]   [ActiveX] [Candidate 1/4] Analyze('Setup1') completed.
[2026-08-01 03:33:35] [INFO]   [ActiveX] [Candidate 1/4] FEA simulation results exported to CSV.
[2026-08-01 03:33:37] [INFO]   [ActiveX] [Candidate 1/4] Successfully deleted temporary file 'temp_design_ind_1_1785522450602.aedt'.
[2026-08-01 03:33:37] [WARNING]   [ActiveX] Free RAM 24.7 GB < 50% of total (56.8 GB): restarting AEDT COM session to avoid OOM crash...
[2026-08-01 03:34:19] [INFO]   [ActiveX] AEDT COM session restarted.
[2026-08-01 03:34:19] [INFO]   [Resource Monitor] [Candidate 2/4] System RAM: 10.6% used (50.77 GB / 56.81 GB free)
[2026-08-01 03:34:38] [INFO]   [ActiveX] [Candidate 2/4] Starting Analyze('Setup1')...
[2026-08-01 03:40:06] [INFO]   [ActiveX] [Candidate 2/4] Analyze('Setup1') completed.
[2026-08-01 03:40:07] [INFO]   [ActiveX] [Candidate 2/4] FEA simulation results exported to CSV.
[2026-08-01 03:40:09] [INFO]   [ActiveX] [Candidate 2/4] Successfully deleted temporary file 'temp_design_ind_2_1785522859643.aedt'.
[2026-08-01 03:40:09] [INFO]   [Resource Monitor] [Candidate 3/4] System RAM: 11.1% used (50.50 GB / 56.81 GB free)
[2026-08-01 03:40:23] [INFO]   [ActiveX] [Candidate 3/4] Starting Analyze('Setup1')...
[2026-08-01 03:45:26] [INFO]   [ActiveX] [Candidate 3/4] Analyze('Setup1') completed.
[2026-08-01 03:45:27] [INFO]   [ActiveX] [Candidate 3/4] FEA simulation results exported to CSV.
[2026-08-01 03:45:29] [INFO]   [ActiveX] [Candidate 3/4] Successfully deleted temporary file 'temp_design_ind_3_1785523209185.aedt'.
[2026-08-01 03:45:29] [INFO]   [Resource Monitor] [Candidate 4/4] System RAM: 49.5% used (28.70 GB / 56.81 GB free)
[2026-08-01 03:45:43] [INFO]   [ActiveX] [Candidate 4/4] Starting Analyze('Setup1')...
[2026-08-01 03:50:31] [INFO]   [ActiveX] [Candidate 4/4] Analyze('Setup1') completed.
[2026-08-01 03:50:32] [INFO]   [ActiveX] [Candidate 4/4] FEA simulation results exported to CSV.
[2026-08-01 03:50:34] [INFO]   [ActiveX] [Candidate 4/4] Successfully deleted temporary file 'temp_design_ind_4_1785523529210.aedt'.
[2026-08-01 03:50:34] [DEBUG] Checkpoint saved after generation 10
[2026-08-01 03:50:34] [INFO] --- Generation 11 / 12 ---
[2026-08-01 03:50:39] [INFO] Gen 11 | 4D Hypervolume: 0.363401 | Pareto Spacing: 0.4994 | Best Score: 90.2497
[2026-08-01 03:50:39] [INFO] FEA needed for 5/5 candidates (rest from surrogate)
[2026-08-01 03:50:39] [INFO] Connecting to Ansys Electronics Desktop via win32com ActiveX...
[2026-08-01 03:50:39] [INFO] Connected to Ansys Electronics Desktop via COM ProgID: 'Ansoft.ElectronicsDesktop'
[2026-08-01 03:50:39] [WARNING]   [ActiveX] Free RAM 9.2 GB < 50% of total (56.8 GB): restarting AEDT COM session to avoid OOM crash...
[2026-08-01 03:51:21] [INFO]   [ActiveX] AEDT COM session restarted.
[2026-08-01 03:51:21] [INFO]   [Resource Monitor] [Candidate 1/5] System RAM: 9.8% used (51.24 GB / 56.81 GB free)
[2026-08-01 03:51:40] [INFO]   [ActiveX] [Candidate 1/5] Starting Analyze('Setup1')...
[2026-08-01 03:56:48] [INFO]   [ActiveX] [Candidate 1/5] Analyze('Setup1') completed.
[2026-08-01 03:56:49] [INFO]   [ActiveX] [Candidate 1/5] FEA simulation results exported to CSV.
[2026-08-01 03:56:51] [INFO]   [ActiveX] [Candidate 1/5] Successfully deleted temporary file 'temp_design_ind_1_1785523881769.aedt'.
[2026-08-01 03:56:51] [INFO]   [Resource Monitor] [Candidate 2/5] System RAM: 10.3% used (50.97 GB / 56.81 GB free)
[2026-08-01 03:57:06] [INFO]   [ActiveX] [Candidate 2/5] Starting Analyze('Setup1')...
[2026-08-01 04:02:25] [INFO]   [ActiveX] [Candidate 2/5] Analyze('Setup1') completed.
[2026-08-01 04:02:27] [INFO]   [ActiveX] [Candidate 2/5] FEA simulation results exported to CSV.
[2026-08-01 04:02:28] [INFO]   [ActiveX] [Candidate 2/5] Successfully deleted temporary file 'temp_design_ind_2_1785524211288.aedt'.
[2026-08-01 04:02:28] [WARNING]   [ActiveX] Free RAM 27.9 GB < 50% of total (56.8 GB): restarting AEDT COM session to avoid OOM crash...
[2026-08-01 04:03:09] [INFO]   [ActiveX] AEDT COM session restarted.
[2026-08-01 04:03:09] [INFO]   [Resource Monitor] [Candidate 3/5] System RAM: 10.0% used (51.14 GB / 56.81 GB free)
[2026-08-01 04:03:28] [INFO]   [ActiveX] [Candidate 3/5] Starting Analyze('Setup1')...
[2026-08-01 04:08:34] [INFO]   [ActiveX] [Candidate 3/5] Analyze('Setup1') completed.
[2026-08-01 04:08:35] [INFO]   [ActiveX] [Candidate 3/5] FEA simulation results exported to CSV.
[2026-08-01 04:08:37] [INFO]   [ActiveX] [Candidate 3/5] Successfully deleted temporary file 'temp_design_ind_3_1785524589488.aedt'.
[2026-08-01 04:08:37] [INFO]   [Resource Monitor] [Candidate 4/5] System RAM: 10.5% used (50.86 GB / 56.81 GB free)
[2026-08-01 04:08:52] [INFO]   [ActiveX] [Candidate 4/5] Starting Analyze('Setup1')...
[2026-08-01 04:13:50] [INFO]   [ActiveX] [Candidate 4/5] Analyze('Setup1') completed.
[2026-08-01 04:13:51] [INFO]   [ActiveX] [Candidate 4/5] FEA simulation results exported to CSV.
[2026-08-01 04:13:53] [INFO]   [ActiveX] [Candidate 4/5] Successfully deleted temporary file 'temp_design_ind_4_1785524917832.aedt'.
[2026-08-01 04:13:53] [INFO]   [Resource Monitor] [Candidate 5/5] System RAM: 48.7% used (29.12 GB / 56.81 GB free)
[2026-08-01 04:14:08] [INFO]   [ActiveX] [Candidate 5/5] Starting Analyze('Setup1')...
[2026-08-01 04:19:06] [INFO]   [ActiveX] [Candidate 5/5] Analyze('Setup1') completed.
[2026-08-01 04:19:08] [INFO]   [ActiveX] [Candidate 5/5] FEA simulation results exported to CSV.
[2026-08-01 04:19:09] [INFO]   [ActiveX] [Candidate 5/5] Successfully deleted temporary file 'temp_design_ind_5_1785525233524.aedt'.
[2026-08-01 04:19:09] [DEBUG] Checkpoint saved after generation 11
[2026-08-01 04:19:09] [INFO] --- Generation 12 / 12 ---
[2026-08-01 04:19:15] [INFO] Gen 12 | 4D Hypervolume: 0.361949 | Pareto Spacing: 0.4936 | Best Score: 90.2497
[2026-08-01 04:19:15] [INFO] FEA needed for 4/4 candidates (rest from surrogate)
[2026-08-01 04:19:15] [INFO] Connecting to Ansys Electronics Desktop via win32com ActiveX...
[2026-08-01 04:19:15] [INFO] Connected to Ansys Electronics Desktop via COM ProgID: 'Ansoft.ElectronicsDesktop'
[2026-08-01 04:19:15] [WARNING]   [ActiveX] Free RAM 8.2 GB < 50% of total (56.8 GB): restarting AEDT COM session to avoid OOM crash...
[2026-08-01 04:19:57] [INFO]   [ActiveX] AEDT COM session restarted.
[2026-08-01 04:19:57] [INFO]   [Resource Monitor] [Candidate 1/4] System RAM: 9.7% used (51.28 GB / 56.81 GB free)
[2026-08-01 04:20:16] [INFO]   [ActiveX] [Candidate 1/4] Starting Analyze('Setup1')...
[2026-08-01 04:26:28] [INFO]   [ActiveX] [Candidate 1/4] Analyze('Setup1') completed.
[2026-08-01 04:26:30] [INFO]   [ActiveX] [Candidate 1/4] FEA simulation results exported to CSV.
[2026-08-01 04:26:31] [INFO]   [ActiveX] [Candidate 1/4] Successfully deleted temporary file 'temp_design_ind_1_1785525597711.aedt'.
[2026-08-01 04:26:31] [INFO]   [Resource Monitor] [Candidate 2/4] System RAM: 10.2% used (51.04 GB / 56.81 GB free)
[2026-08-01 04:26:45] [INFO]   [ActiveX] [Candidate 2/4] Starting Analyze('Setup1')...
[2026-08-01 04:32:14] [INFO]   [ActiveX] [Candidate 2/4] Analyze('Setup1') completed.
[2026-08-01 04:32:15] [INFO]   [ActiveX] [Candidate 2/4] FEA simulation results exported to CSV.
[2026-08-01 04:32:16] [INFO]   [ActiveX] [Candidate 2/4] Successfully deleted temporary file 'temp_design_ind_2_1785525991582.aedt'.
[2026-08-01 04:32:17] [WARNING]   [ActiveX] Free RAM 27.1 GB < 50% of total (56.8 GB): restarting AEDT COM session to avoid OOM crash...
[2026-08-01 04:32:58] [INFO]   [ActiveX] AEDT COM session restarted.
[2026-08-01 04:32:58] [INFO]   [Resource Monitor] [Candidate 3/4] System RAM: 9.8% used (51.24 GB / 56.81 GB free)
[2026-08-01 04:33:17] [INFO]   [ActiveX] [Candidate 3/4] Starting Analyze('Setup1')...
[2026-08-01 04:38:44] [INFO]   [ActiveX] [Candidate 3/4] Analyze('Setup1') completed.
[2026-08-01 04:38:46] [INFO]   [ActiveX] [Candidate 3/4] FEA simulation results exported to CSV.
[2026-08-01 04:38:48] [INFO]   [ActiveX] [Candidate 3/4] Successfully deleted temporary file 'temp_design_ind_3_1785526378224.aedt'.
[2026-08-01 04:38:48] [INFO]   [Resource Monitor] [Candidate 4/4] System RAM: 10.4% used (50.90 GB / 56.81 GB free)
[2026-08-01 04:39:03] [INFO]   [ActiveX] [Candidate 4/4] Starting Analyze('Setup1')...
[2026-08-01 04:43:59] [INFO]   [ActiveX] [Candidate 4/4] Analyze('Setup1') completed.
[2026-08-01 04:44:00] [INFO]   [ActiveX] [Candidate 4/4] FEA simulation results exported to CSV.
[2026-08-01 04:44:01] [INFO]   [ActiveX] [Candidate 4/4] Successfully deleted temporary file 'temp_design_ind_4_1785526728592.aedt'.
[2026-08-01 04:44:01] [DEBUG] Checkpoint saved after generation 12
[2026-08-01 04:44:01] [INFO] ============================================================
[2026-08-01 04:44:01] [INFO] OPTIMIZATION COMPLETE
[2026-08-01 04:44:01] [INFO] ============================================================
[2026-08-01 04:44:01] [INFO] Best design saved to C:\Users\pchuanvn\Desktop\Ai_Optimization_Of_Vshape_IPM_motor-main\outputs\run_20260801_001736\best_optimized_design_v5.2.csv
[2026-08-01 04:44:01] [INFO] Optimization report saved to C:\Users\pchuanvn\Desktop\Ai_Optimization_Of_Vshape_IPM_motor-main\outputs\run_20260801_001736\optimization_report.md
[2026-08-01 04:44:02] [DEBUG] matplotlib data path: C:\Users\pchuanvn\Desktop\Ai_Optimization_Of_Vshape_IPM_motor-main\venv\Lib\site-packages\matplotlib\mpl-data
[2026-08-01 04:44:02] [DEBUG] CONFIGDIR=C:\Users\pchuanvn\AppData\Local\matplotlib
[2026-08-01 04:44:02] [DEBUG] interactive is False
[2026-08-01 04:44:02] [DEBUG] platform is win32
[2026-08-01 04:44:02] [DEBUG] CACHEDIR=C:\Users\pchuanvn\AppData\Local\matplotlib
[2026-08-01 04:44:02] [DEBUG] Using fontManager instance from C:\Users\pchuanvn\AppData\Local\matplotlib\fontlist-v3.11.0.json
[2026-08-01 04:44:03] [DEBUG] Loaded backend Agg version v2.2.
[2026-08-01 04:44:03] [DEBUG] findfont: Matching sans\-serif:style=normal:variant=normal:weight=normal:stretch=normal:size=10.0.
[2026-08-01 04:44:03] [DEBUG] findfont: score(FontEntry(fname='C:\\Users\\pchuanvn\\Desktop\\Ai_Optimization_Of_Vshape_IPM_motor-main\\venv\\Lib\\site-packages\\matplotlib\\mpl-data\\fonts\\ttf\\DejaVuSansDisplay.ttf', index=0, name='DejaVu Sans Display', style='normal', variant='normal', weight=400, stretch='normal', size='scalable')) = 10.05
[2026-08-01 04:44:03] [DEBUG] findfont: score(FontEntry(fname='C:\\Users\\pchuanvn\\Desktop\\Ai_Optimization_Of_Vshape_IPM_motor-main\\venv\\Lib\\site-packages\\matplotlib\\mpl-data\\fonts\\ttf\\cmti10.ttf', index=0, name='cmti10', style='normal', variant='normal', weight=400, stretch='normal', size='scalable')) = 10.05
[2026-08-01 04:44:03] [DEBUG] findfont: score(FontEntry(fname='C:\\Users\\pchuanvn\\Desktop\\Ai_Optimization_Of_Vshape_IPM_motor-main\\venv\\Lib\\site-packages\\matplotlib\\mpl-data\\fonts\\ttf\\DejaVuSansMono-Bold.ttf', index=0, name='DejaVu Sans Mono', style='normal', variant='normal', weight=700, stretch='normal', size='scalable')) = 10.335
[2026-08-01 04:44:03] [DEBUG] findfont: score(FontEntry(fname='C:\\Users\\pchuanvn\\Desktop\\Ai_Optimization_Of_Vshape_IPM_motor-main\\venv\\Lib\\site-packages\\matplotlib\\mpl-data\\fonts\\ttf\\DejaVuSansMono-Oblique.ttf', index=0, name='DejaVu Sans Mono', style='oblique', variant='normal', weight=400, stretch='normal', size='scalable')) = 11.05
[2026-08-01 04:44:03] [DEBUG] findfont: score(FontEntry(fname='C:\\Users\\pchuanvn\\Desktop\\Ai_Optimization_Of_Vshape_IPM_motor-main\\venv\\Lib\\site-packages\\matplotlib\\mpl-data\\fonts\\ttf\\DejaVuSans.ttf', index=0, name='DejaVu Sans', style='normal', variant='normal', weight=400, stretch='normal', size='scalable')) = 0.05
[2026-08-01 04:44:03] [DEBUG] findfont: score(FontEntry(fname='C:\\Users\\pchuanvn\\Desktop\\Ai_Optimization_Of_Vshape_IPM_motor-main\\venv\\Lib\\site-packages\\matplotlib\\mpl-data\\fonts\\ttf\\cmtt10.ttf', index=0, name='cmtt10', style='normal', variant='normal', weight=400, stretch='normal', size='scalable')) = 10.05
[2026-08-01 04:44:03] [DEBUG] findfont: score(FontEntry(fname='C:\\Users\\pchuanvn\\Desktop\\Ai_Optimization_Of_Vshape_IPM_motor-main\\venv\\Lib\\site-packages\\matplotlib\\mpl-data\\fonts\\ttf\\STIXNonUniBolIta.ttf', index=0, name='STIXNonUnicode', style='italic', variant='normal', weight=700, stretch='normal', size='scalable')) = 11.335
[2026-08-01 04:44:03] [DEBUG] findfont: score(FontEntry(fname='C:\\Users\\pchuanvn\\Desktop\\Ai_Optimization_Of_Vshape_IPM_motor-main\\venv\\Lib\\site-packages\\matplotlib\\mpl-data\\fonts\\ttf\\DejaVuSansMono-BoldOblique.ttf', index=0, name='DejaVu Sans Mono', style='oblique', variant='normal', weight=700, stretch='normal', size='scalable')) = 11.335
[2026-08-01 04:44:03] [DEBUG] findfont: score(FontEntry(fname='C:\\Users\\pchuanvn\\Desktop\\Ai_Optimization_Of_Vshape_IPM_motor-main\\venv\\Lib\\site-packages\\matplotlib\\mpl-data\\fonts\\ttf\\STIXGeneralBolIta.ttf', index=0, name='STIXGeneral', style='italic', variant='normal', weight=700, stretch='normal', size='scalable')) = 11.335
[2026-08-01 04:44:03] [DEBUG] findfont: score(FontEntry(fname='C:\\Users\\pchuanvn\\Desktop\\Ai_Optimization_Of_Vshape_IPM_motor-main\\venv\\Lib\\site-packages\\matplotlib\\mpl-data\\fonts\\ttf\\DejaVuSerif-Bold.ttf', index=0, name='DejaVu Serif', style='normal', variant='normal', weight=700, stretch='normal', size='scalable')) = 10.335
[2026-08-01 04:44:03] [DEBUG] findfont: score(FontEntry(fname='C:\\Users\\pchuanvn\\Desktop\\Ai_Optimization_Of_Vshape_IPM_motor-main\\venv\\Lib\\site-packages\\matplotlib\\mpl-data\\fonts\\ttf\\DejaVuSans-Bold.ttf', index=0, name='DejaVu Sans', style='normal', variant='normal', weight=700, stretch='normal', size='scalable')) = 0.33499999999999996
[2026-08-01 04:44:03] [DEBUG] findfont: score(FontEntry(fname='C:\\Users\\pchuanvn\\Desktop\\Ai_Optimization_Of_Vshape_IPM_motor-main\\venv\\Lib\\site-packages\\matplotlib\\mpl-data\\fonts\\ttf\\STIXGeneralBol.ttf', index=0, name='STIXGeneral', style='normal', variant='normal', weight=700, stretch='normal', size='scalable')) = 10.335
[2026-08-01 04:44:03] [DEBUG] findfont: score(FontEntry(fname='C:\\Users\\pchuanvn\\Desktop\\Ai_Optimization_Of_Vshape_IPM_motor-main\\venv\\Lib\\site-packages\\matplotlib\\mpl-data\\fonts\\ttf\\STIXNonUni.ttf', index=0, name='STIXNonUnicode', style='normal', variant='normal', weight=400, stretch='normal', size='scalable')) = 10.05
[2026-08-01 04:44:03] [DEBUG] findfont: score(FontEntry(fname='C:\\Users\\pchuanvn\\Desktop\\Ai_Optimization_Of_Vshape_IPM_motor-main\\venv\\Lib\\site-packages\\matplotlib\\mpl-data\\fonts\\ttf\\STIXSizFourSymBol.ttf', index=0, name='STIXSizeFourSym', style='normal', variant='normal', weight=700, stretch='normal', size='scalable')) = 10.335
[2026-08-01 04:44:03] [DEBUG] findfont: score(FontEntry(fname='C:\\Users\\pchuanvn\\Desktop\\Ai_Optimization_Of_Vshape_IPM_motor-main\\venv\\Lib\\site-packages\\matplotlib\\mpl-data\\fonts\\ttf\\DejaVuSans-BoldOblique.ttf', index=0, name='DejaVu Sans', style='oblique', variant='normal', weight=700, stretch='normal', size='scalable')) = 1.335
[2026-08-01 04:44:03] [DEBUG] findfont: score(FontEntry(fname='C:\\Users\\pchuanvn\\Desktop\\Ai_Optimization_Of_Vshape_IPM_motor-main\\venv\\Lib\\site-packages\\matplotlib\\mpl-data\\fonts\\ttf\\DejaVuSansMono.ttf', index=0, name='DejaVu Sans Mono', style='normal', variant='normal', weight=400, stretch='normal', size='scalable')) = 10.05
[2026-08-01 04:44:03] [DEBUG] findfont: score(FontEntry(fname='C:\\Users\\pchuanvn\\Desktop\\Ai_Optimization_Of_Vshape_IPM_motor-main\\venv\\Lib\\site-packages\\matplotlib\\mpl-data\\fonts\\ttf\\STIXSizTwoSymBol.ttf', index=0, name='STIXSizeTwoSym', style='normal', variant='normal', weight=700, stretch='normal', size='scalable')) = 10.335
[2026-08-01 04:44:03] [DEBUG] findfont: score(FontEntry(fname='C:\\Users\\pchuanvn\\Desktop\\Ai_Optimization_Of_Vshape_IPM_motor-main\\venv\\Lib\\site-packages\\matplotlib\\mpl-data\\fonts\\ttf\\DejaVuSerif.ttf', index=0, name='DejaVu Serif', style='normal', variant='normal', weight=400, stretch='normal', size='scalable')) = 10.05
[2026-08-01 04:44:03] [DEBUG] findfont: score(FontEntry(fname='C:\\Users\\pchuanvn\\Desktop\\Ai_Optimization_Of_Vshape_IPM_motor-main\\venv\\Lib\\site-packages\\matplotlib\\mpl-data\\fonts\\ttf\\cmsy10.ttf', index=0, name='cmsy10', style='normal', variant='normal', weight=400, stretch='normal', size='scalable')) = 10.05
[2026-08-01 04:44:03] [DEBUG] findfont: score(FontEntry(fname='C:\\Users\\pchuanvn\\Desktop\\Ai_Optimization_Of_Vshape_IPM_motor-main\\venv\\Lib\\site-packages\\matplotlib\\mpl-data\\fonts\\ttf\\STIXSizThreeSymBol.ttf', index=0, name='STIXSizeThreeSym', style='normal', variant='normal', weight=700, stretch='normal', size='scalable')) = 10.335
[2026-08-01 04:44:03] [DEBUG] findfont: score(FontEntry(fname='C:\\Users\\pchuanvn\\Desktop\\Ai_Optimization_Of_Vshape_IPM_motor-main\\venv\\Lib\\site-packages\\matplotlib\\mpl-data\\fonts\\ttf\\STIXNonUniIta.ttf', index=0, name='STIXNonUnicode', style='italic', variant='normal', weight=400, stretch='normal', size='scalable')) = 11.05
[2026-08-01 04:44:03] [DEBUG] findfont: score(FontEntry(fname='C:\\Users\\pchuanvn\\Desktop\\Ai_Optimization_Of_Vshape_IPM_motor-main\\venv\\Lib\\site-packages\\matplotlib\\mpl-data\\fonts\\ttf\\STIXGeneral.ttf', index=0, name='STIXGeneral', style='normal', variant='normal', weight=400, stretch='normal', size='scalable')) = 10.05
[2026-08-01 04:44:03] [DEBUG] findfont: score(FontEntry(fname='C:\\Users\\pchuanvn\\Desktop\\Ai_Optimization_Of_Vshape_IPM_motor-main\\venv\\Lib\\site-packages\\matplotlib\\mpl-data\\fonts\\ttf\\STIXSizTwoSymReg.ttf', index=0, name='STIXSizeTwoSym', style='normal', variant='normal', weight=400, stretch='normal', size='scalable')) = 10.05
[2026-08-01 04:44:03] [DEBUG] findfont: score(FontEntry(fname='C:\\Users\\pchuanvn\\Desktop\\Ai_Optimization_Of_Vshape_IPM_motor-main\\venv\\Lib\\site-packages\\matplotlib\\mpl-data\\fonts\\ttf\\cmr10.ttf', index=0, name='cmr10', style='normal', variant='normal', weight=400, stretch='normal', size='scalable')) = 10.05
[2026-08-01 04:44:03] [DEBUG] findfont: score(FontEntry(fname='C:\\Users\\pchuanvn\\Desktop\\Ai_Optimization_Of_Vshape_IPM_motor-main\\venv\\Lib\\site-packages\\matplotlib\\mpl-data\\fonts\\ttf\\DejaVuSerif-Italic.ttf', index=0, name='DejaVu Serif', style='italic', variant='normal', weight=400, stretch='normal', size='scalable')) = 11.05
[2026-08-01 04:44:03] [DEBUG] findfont: score(FontEntry(fname='C:\\Users\\pchuanvn\\Desktop\\Ai_Optimization_Of_Vshape_IPM_motor-main\\venv\\Lib\\site-packages\\matplotlib\\mpl-data\\fonts\\ttf\\STIXGeneralItalic.ttf', index=0, name='STIXGeneral', style='italic', variant='normal', weight=400, stretch='normal', size='scalable')) = 11.05
[2026-08-01 04:44:03] [DEBUG] findfont: score(FontEntry(fname='C:\\Users\\pchuanvn\\Desktop\\Ai_Optimization_Of_Vshape_IPM_motor-main\\venv\\Lib\\site-packages\\matplotlib\\mpl-data\\fonts\\ttf\\STIXSizThreeSymReg.ttf', index=0, name='STIXSizeThreeSym', style='normal', variant='normal', weight=400, stretch='normal', size='scalable')) = 10.05
[2026-08-01 04:44:03] [DEBUG] findfont: score(FontEntry(fname='C:\\Users\\pchuanvn\\Desktop\\Ai_Optimization_Of_Vshape_IPM_motor-main\\venv\\Lib\\site-packages\\matplotlib\\mpl-data\\fonts\\ttf\\STIXSizFiveSymReg.ttf', index=0, name='STIXSizeFiveSym', style='normal', variant='normal', weight=400, stretch='normal', size='scalable')) = 10.05
[2026-08-01 04:44:03] [DEBUG] findfont: score(FontEntry(fname='C:\\Users\\pchuanvn\\Desktop\\Ai_Optimization_Of_Vshape_IPM_motor-main\\venv\\Lib\\site-packages\\matplotlib\\mpl-data\\fonts\\ttf\\STIXSizOneSymBol.ttf', index=0, name='STIXSizeOneSym', style='normal', variant='normal', weight=700, stretch='normal', size='scalable')) = 10.335
[2026-08-01 04:44:03] [DEBUG] findfont: score(FontEntry(fname='C:\\Users\\pchuanvn\\Desktop\\Ai_Optimization_Of_Vshape_IPM_motor-main\\venv\\Lib\\site-packages\\matplotlib\\mpl-data\\fonts\\ttf\\STIXNonUniBol.ttf', index=0, name='STIXNonUnicode', style='normal', variant='normal', weight=700, stretch='normal', size='scalable')) = 10.335
[2026-08-01 04:44:03] [DEBUG] findfont: score(FontEntry(fname='C:\\Users\\pchuanvn\\Desktop\\Ai_Optimization_Of_Vshape_IPM_motor-main\\venv\\Lib\\site-packages\\matplotlib\\mpl-data\\fonts\\ttf\\cmss10.ttf', index=0, name='cmss10', style='normal', variant='normal', weight=400, stretch='normal', size='scalable')) = 10.05
[2026-08-01 04:44:03] [DEBUG] findfont: score(FontEntry(fname='C:\\Users\\pchuanvn\\Desktop\\Ai_Optimization_Of_Vshape_IPM_motor-main\\venv\\Lib\\site-packages\\matplotlib\\mpl-data\\fonts\\ttf\\DejaVuSerif-BoldItalic.ttf', index=0, name='DejaVu Serif', style='italic', variant='normal', weight=700, stretch='normal', size='scalable')) = 11.335
[2026-08-01 04:44:03] [DEBUG] findfont: score(FontEntry(fname='C:\\Users\\pchuanvn\\Desktop\\Ai_Optimization_Of_Vshape_IPM_motor-main\\venv\\Lib\\site-packages\\matplotlib\\mpl-data\\fonts\\ttf\\STIXSizOneSymReg.ttf', index=0, name='STIXSizeOneSym', style='normal', variant='normal', weight=400, stretch='normal', size='scalable')) = 10.05
[2026-08-01 04:44:03] [DEBUG] findfont: score(FontEntry(fname='C:\\Users\\pchuanvn\\Desktop\\Ai_Optimization_Of_Vshape_IPM_motor-main\\venv\\Lib\\site-packages\\matplotlib\\mpl-data\\fonts\\ttf\\DejaVuSans-Oblique.ttf', index=0, name='DejaVu Sans', style='oblique', variant='normal', weight=400, stretch='normal', size='scalable')) = 1.05
[2026-08-01 04:44:03] [DEBUG] findfont: score(FontEntry(fname='C:\\Users\\pchuanvn\\Desktop\\Ai_Optimization_Of_Vshape_IPM_motor-main\\venv\\Lib\\site-packages\\matplotlib\\mpl-data\\fonts\\ttf\\DejaVuSerifDisplay.ttf', index=0, name='DejaVu Serif Display', style='normal', variant='normal', weight=400, stretch='normal', size='scalable')) = 10.05
[2026-08-01 04:44:03] [DEBUG] findfont: score(FontEntry(fname='C:\\Users\\pchuanvn\\Desktop\\Ai_Optimization_Of_Vshape_IPM_motor-main\\venv\\Lib\\site-packages\\matplotlib\\mpl-data\\fonts\\ttf\\STIXSizFourSymReg.ttf', index=0, name='STIXSizeFourSym', style='normal', variant='normal', weight=400, stretch='normal', size='scalable')) = 10.05
[2026-08-01 04:44:03] [DEBUG] findfont: score(FontEntry(fname='C:\\Users\\pchuanvn\\Desktop\\Ai_Optimization_Of_Vshape_IPM_motor-main\\venv\\Lib\\site-packages\\matplotlib\\mpl-data\\fonts\\ttf\\cmb10.ttf', index=0, name='cmb10', style='normal', variant='normal', weight=400, stretch='normal', size='scalable')) = 10.05
[2026-08-01 04:44:03] [DEBUG] findfont: score(FontEntry(fname='C:\\Users\\pchuanvn\\Desktop\\Ai_Optimization_Of_Vshape_IPM_motor-main\\venv\\Lib\\site-packages\\matplotlib\\mpl-data\\fonts\\ttf\\cmex10.ttf', index=0, name='cmex10', style='normal', variant='normal', weight=400, stretch='normal', size='scalable')) = 10.05
[2026-08-01 04:44:03] [DEBUG] findfont: score(FontEntry(fname='C:\\Users\\pchuanvn\\Desktop\\Ai_Optimization_Of_Vshape_IPM_motor-main\\venv\\Lib\\site-packages\\matplotlib\\mpl-data\\fonts\\ttf\\cmmi10.ttf', index=0, name='cmmi10', style='normal', variant='normal', weight=400, stretch='normal', size='scalable')) = 10.05
[2026-08-01 04:44:03] [DEBUG] findfont: score(FontEntry(fname='C:\\Users\\pchuanvn\\Desktop\\Ai_Optimization_Of_Vshape_IPM_motor-main\\venv\\Lib\\site-packages\\matplotlib\\mpl-data\\fonts\\ttf\\LastResortHE-Regular.ttf', index=0, name='Last Resort High-Efficiency', style='normal', variant='normal', weight=400, stretch='normal', size='scalable')) = 10.05
[2026-08-01 04:44:03] [DEBUG] findfont: score(FontEntry(fname='C:\\Windows\\Fonts\\calibri.ttf', index=0, name='Calibri', style='normal', variant='normal', weight=400, stretch='normal', size='scalable')) = 10.05
[2026-08-01 04:44:03] [DEBUG] findfont: score(FontEntry(fname='C:\\Windows\\Fonts\\comicbd.ttf', index=0, name='Comic Sans MS', style='normal', variant='normal', weight=700, stretch='normal', size='scalable')) = 10.335
[2026-08-01 04:44:03] [DEBUG] findfont: score(FontEntry(fname='C:\\Windows\\Fonts\\palai.ttf', index=0, name='Palatino Linotype', style='italic', variant='normal', weight=400, stretch='normal', size='scalable')) = 11.05
[2026-08-01 04:44:03] [DEBUG] findfont: score(FontEntry(fname='C:\\Windows\\Fonts\\YuGothB.ttc', index=0, name='Yu Gothic', style='normal', variant='normal', weight=700, stretch='normal', size='scalable')) = 10.335
[2026-08-01 04:44:03] [DEBUG] findfont: score(FontEntry(fname='C:\\Windows\\Fonts\\YuGothB.ttc', index=1, name='Yu Gothic UI', style='normal', variant='normal', weight=700, stretch='normal', size='scalable')) = 10.335
[2026-08-01 04:44:03] [DEBUG] findfont: score(FontEntry(fname='C:\\Windows\\Fonts\\YuGothB.ttc', index=2, name='Yu Gothic UI', style='normal', variant='normal', weight=600, stretch='normal', size='scalable')) = 10.24
[2026-08-01 04:44:03] [DEBUG] findfont: score(FontEntry(fname='C:\\Windows\\Fonts\\YuGothB.ttc', index=2, name='Yu Gothic UI Semibold', style='normal', variant='normal', weight=400, stretch='normal', size='scalable')) = 10.05
[2026-08-01 04:44:03] [DEBUG] findfont: score(FontEntry(fname='C:\\Windows\\Fonts\\himalaya.ttf', index=0, name='Microsoft Himalaya', style='normal', variant='normal', weight=400, stretch='normal', size='scalable')) = 10.05
[2026-08-01 04:44:03] [DEBUG] findfont: score(FontEntry(fname='C:\\Windows\\Fonts\\cour.ttf', index=0, name='Courier New', style='normal', variant='normal', weight=400, stretch='normal', size='scalable')) = 10.05
[2026-08-01 04:44:03] [DEBUG] findfont: score(FontEntry(fname='C:\\Windows\\Fonts\\corbelb.ttf', index=0, name='Corbel', style='normal', variant='normal', weight=700, stretch='normal', size='scalable')) = 10.335
[2026-08-01 04:44:03] [DEBUG] findfont: score(FontEntry(fname='C:\\Windows\\Fonts\\LeelUIsl.ttf', index=0, name='Leelawadee UI', style='normal', variant='normal', weight=350, stretch='normal', size='scalable')) = 10.0975
[2026-08-01 04:44:03] [DEBUG] findfont: score(FontEntry(fname='C:\\Windows\\Fonts\\LeelUIsl.ttf', index=0, name='Leelawadee UI Semilight', style='normal', variant='normal', weight=400, stretch='normal', size='scalable')) = 10.05
[2026-08-01 04:44:03] [DEBUG] findfont: score(FontEntry(fname='C:\\Windows\\Fonts\\simsun.ttc', index=0, name='SimSun', style='normal', variant='normal', weight=400, stretch='normal', size='scalable')) = 10.05
[2026-08-01 04:44:03] [DEBUG] findfont: score(FontEntry(fname='C:\\Windows\\Fonts\\simsun.ttc', index=1, name='NSimSun', style='normal', variant='normal', weight=400, stretch='normal', size='scalable')) = 10.05
[2026-08-01 04:44:03] [DEBUG] findfont: score(FontEntry(fname='C:\\Windows\\Fonts\\seguibli.ttf', index=0, name='Segoe UI', style='italic', variant='normal', weight=900, stretch='normal', size='scalable')) = 11.525
[2026-08-01 04:44:03] [DEBUG] findfont: score(FontEntry(fname='C:\\Windows\\Fonts\\seguibli.ttf', index=0, name='Segoe UI Black', style='italic', variant='normal', weight=400, stretch='normal', size='scalable')) = 11.05
[2026-08-01 04:44:03] [DEBUG] findfont: score(FontEntry(fname='C:\\Windows\\Fonts\\corbeli.ttf', index=0, name='Corbel', style='italic', variant='normal', weight=400, stretch='normal', size='scalable')) = 11.05
[2026-08-01 04:44:03] [DEBUG] findfont: score(FontEntry(fname='C:\\Windows\\Fonts\\timesbi.ttf', index=0, name='Times New Roman', style='italic', variant='normal', weight=700, stretch='normal', size='scalable')) = 11.335
[2026-08-01 04:44:03] [DEBUG] findfont: score(FontEntry(fname='C:\\Windows\\Fonts\\segoeuisl.ttf', index=0, name='Segoe UI', style='normal', variant='normal', weight=350, stretch='normal', size='scalable')) = 10.0975
[2026-08-01 04:44:03] [DEBUG] findfont: score(FontEntry(fname='C:\\Windows\\Fonts\\segoeuisl.ttf', index=0, name='Segoe UI Semilight', style='normal', variant='normal', weight=400, stretch='normal', size='scalable')) = 10.05
[2026-08-01 04:44:03] [DEBUG] findfont: score(FontEntry(fname='C:\\Windows\\Fonts\\corbelz.ttf', index=0, name='Corbel', style='italic', variant='normal', weight=700, stretch='normal', size='scalable')) = 11.335
[2026-08-01 04:44:03] [DEBUG] findfont: score(FontEntry(fname='C:\\Windows\\Fonts\\Candaral.ttf', index=0, name='Candara', style='normal', variant='normal', weight=400, stretch='normal', size='scalable')) = 10.05
[2026-08-01 04:44:03] [DEBUG] findfont: score(FontEntry(fname='C:\\Windows\\Fonts\\Candaral.ttf', index=0, name='Candara Light', style='normal', variant='normal', weight=400, stretch='normal', size='scalable')) = 10.05
[2026-08-01 04:44:03] [DEBUG] findfont: score(FontEntry(fname='C:\\Windows\\Fonts\\verdana.ttf', index=0, name='Verdana', style='normal', variant='normal', weight=400, stretch='normal', size='scalable')) = 3.6863636363636365
[2026-08-01 04:44:03] [DEBUG] findfont: score(FontEntry(fname='C:\\Windows\\Fonts\\calibril.ttf', index=0, name='Calibri', style='normal', variant='normal', weight=300, stretch='normal', size='scalable')) = 10.145
[2026-08-01 04:44:03] [DEBUG] findfont: score(FontEntry(fname='C:\\Windows\\Fonts\\calibril.ttf', index=0, name='Calibri Light', style='normal', variant='normal', weight=400, stretch='normal', size='scalable')) = 10.05
[2026-08-01 04:44:03] [DEBUG] findfont: score(FontEntry(fname='C:\\Windows\\Fonts\\comicz.ttf', index=0, name='Comic Sans MS', style='italic', variant='normal', weight=700, stretch='normal', size='scalable')) = 11.335
[2026-08-01 04:44:03] [DEBUG] findfont: score(FontEntry(fname='C:\\Windows\\Fonts\\malgunbd.ttf', index=0, name='Malgun Gothic', style='normal', variant='normal', weight=700, stretch='normal', size='scalable')) = 10.335
[2026-08-01 04:44:03] [DEBUG] findfont: score(FontEntry(fname='C:\\Windows\\Fonts\\cambriab.ttf', index=0, name='Cambria', style='normal', variant='normal', weight=700, stretch='normal', size='scalable')) = 10.335
[2026-08-01 04:44:03] [DEBUG] findfont: score(FontEntry(fname='C:\\Windows\\Fonts\\comic.ttf', index=0, name='Comic Sans MS', style='normal', variant='normal', weight=400, stretch='normal', size='scalable')) = 10.05
[2026-08-01 04:44:03] [DEBUG] findfont: score(FontEntry(fname='C:\\Windows\\Fonts\\malgunsl.ttf', index=0, name='Malgun Gothic', style='normal', variant='normal', weight=300, stretch='normal', size='scalable')) = 10.145
[2026-08-01 04:44:03] [DEBUG] findfont: score(FontEntry(fname='C:\\Windows\\Fonts\\malgunsl.ttf', index=0, name='Malgun Gothic Semilight', style='normal', variant='normal', weight=400, stretch='normal', size='scalable')) = 10.05
[2026-08-01 04:44:03] [DEBUG] findfont: score(FontEntry(fname='C:\\Windows\\Fonts\\Candaraz.ttf', index=0, name='Candara', style='italic', variant='normal', weight=700, stretch='normal', size='scalable')) = 11.335
[2026-08-01 04:44:03] [DEBUG] findfont: score(FontEntry(fname='C:\\Windows\\Fonts\\msjhbd.ttc', index=0, name='Microsoft JhengHei', style='normal', variant='normal', weight=700, stretch='normal', size='scalable')) = 10.335
[2026-08-01 04:44:03] [DEBUG] findfont: score(FontEntry(fname='C:\\Windows\\Fonts\\msjhbd.ttc', index=1, name='Microsoft JhengHei UI', style='normal', variant='normal', weight=700, stretch='normal', size='scalable')) = 10.335
[2026-08-01 04:44:03] [DEBUG] findfont: score(FontEntry(fname='C:\\Windows\\Fonts\\Nirmala.ttc', index=0, name='Nirmala UI', style='normal', variant='normal', weight=400, stretch='normal', size='scalable')) = 10.05
[2026-08-01 04:44:03] [DEBUG] findfont: score(FontEntry(fname='C:\\Windows\\Fonts\\Nirmala.ttc', index=1, name='Nirmala UI', style='normal', variant='normal', weight=700, stretch='normal', size='scalable')) = 10.335
[2026-08-01 04:44:03] [DEBUG] findfont: score(FontEntry(fname='C:\\Windows\\Fonts\\Nirmala.ttc', index=2, name='Nirmala UI', style='normal', variant='normal', weight=350, stretch='normal', size='scalable')) = 10.0975
[2026-08-01 04:44:03] [DEBUG] findfont: score(FontEntry(fname='C:\\Windows\\Fonts\\Nirmala.ttc', index=2, name='Nirmala UI Semilight', style='normal', variant='normal', weight=400, stretch='normal', size='scalable')) = 10.05
[2026-08-01 04:44:03] [DEBUG] findfont: score(FontEntry(fname='C:\\Windows\\Fonts\\Nirmala.ttc', index=3, name='Nirmala Text', style='normal', variant='normal', weight=400, stretch='normal', size='scalable')) = 10.05
[2026-08-01 04:44:03] [DEBUG] findfont: score(FontEntry(fname='C:\\Windows\\Fonts\\Nirmala.ttc', index=4, name='Nirmala Text', style='normal', variant='normal', weight=700, stretch='normal', size='scalable')) = 10.335
[2026-08-01 04:44:03] [DEBUG] findfont: score(FontEntry(fname='C:\\Windows\\Fonts\\Nirmala.ttc', index=5, name='Nirmala Text', style='normal', variant='normal', weight=350, stretch='normal', size='scalable')) = 10.0975
[2026-08-01 04:44:03] [DEBUG] findfont: score(FontEntry(fname='C:\\Windows\\Fonts\\Nirmala.ttc', index=5, name='Nirmala Text Semilight', style='normal', variant='normal', weight=400, stretch='normal', size='scalable')) = 10.05
[2026-08-01 04:44:03] [DEBUG] findfont: score(FontEntry(fname='C:\\Windows\\Fonts\\segoescb.ttf', index=0, name='Segoe Script', style='normal', variant='normal', weight=700, stretch='normal', size='scalable')) = 10.335
[2026-08-01 04:44:03] [DEBUG] findfont: score(FontEntry(fname='C:\\Windows\\Fonts\\impact.ttf', index=0, name='Impact', style='normal', variant='normal', weight=400, stretch='normal', size='scalable')) = 10.05
[2026-08-01 04:44:03] [DEBUG] findfont: score(FontEntry(fname='C:\\Windows\\Fonts\\times.ttf', index=0, name='Times New Roman', style='normal', variant='normal', weight=400, stretch='normal', size='scalable')) = 10.05
[2026-08-01 04:44:03] [DEBUG] findfont: score(FontEntry(fname='C:\\Windows\\Fonts\\seguisb.ttf', index=0, name='Segoe UI', style='normal', variant='normal', weight=600, stretch='normal', size='scalable')) = 10.24
[2026-08-01 04:44:03] [DEBUG] findfont: score(FontEntry(fname='C:\\Windows\\Fonts\\seguisb.ttf', index=0, name='Segoe UI Semibold', style='normal', variant='normal', weight=400, stretch='normal', size='scalable')) = 10.05
[2026-08-01 04:44:03] [DEBUG] findfont: score(FontEntry(fname='C:\\Windows\\Fonts\\comici.ttf', index=0, name='Comic Sans MS', style='italic', variant='normal', weight=400, stretch='normal', size='scalable')) = 11.05
[2026-08-01 04:44:03] [DEBUG] findfont: score(FontEntry(fname='C:\\Windows\\Fonts\\malgun.ttf', index=0, name='Malgun Gothic', style='normal', variant='normal', weight=400, stretch='normal', size='scalable')) = 10.05
[2026-08-01 04:44:03] [DEBUG] findfont: score(FontEntry(fname='C:\\Windows\\Fonts\\corbell.ttf', index=0, name='Corbel', style='normal', variant='normal', weight=300, stretch='normal', size='scalable')) = 10.145
[2026-08-01 04:44:03] [DEBUG] findfont: score(FontEntry(fname='C:\\Windows\\Fonts\\corbell.ttf', index=0, name='Corbel Light', style='normal', variant='normal', weight=400, stretch='normal', size='scalable')) = 10.05
[2026-08-01 04:44:03] [DEBUG] findfont: score(FontEntry(fname='C:\\Windows\\Fonts\\calibrii.ttf', index=0, name='Calibri', style='italic', variant='normal', weight=400, stretch='normal', size='scalable')) = 11.05
[2026-08-01 04:44:03] [DEBUG] findfont: score(FontEntry(fname='C:\\Windows\\Fonts\\segoeuii.ttf', index=0, name='Segoe UI', style='italic', variant='normal', weight=400, stretch='normal', size='scalable')) = 11.05
[2026-08-01 04:44:03] [DEBUG] findfont: score(FontEntry(fname='C:\\Windows\\Fonts\\corbel.ttf', index=0, name='Corbel', style='normal', variant='normal', weight=400, stretch='normal', size='scalable')) = 10.05
[2026-08-01 04:44:03] [DEBUG] findfont: score(FontEntry(fname='C:\\Windows\\Fonts\\corbelli.ttf', index=0, name='Corbel', style='italic', variant='normal', weight=300, stretch='normal', size='scalable')) = 11.145
[2026-08-01 04:44:03] [DEBUG] findfont: score(FontEntry(fname='C:\\Windows\\Fonts\\corbelli.ttf', index=0, name='Corbel Light', style='italic', variant='normal', weight=400, stretch='normal', size='scalable')) = 11.05
[2026-08-01 04:44:03] [DEBUG] findfont: score(FontEntry(fname='C:\\Windows\\Fonts\\cambriai.ttf', index=0, name='Cambria', style='italic', variant='normal', weight=400, stretch='normal', size='scalable')) = 11.05
[2026-08-01 04:44:03] [DEBUG] findfont: score(FontEntry(fname='C:\\Windows\\Fonts\\ariblk.ttf', index=0, name='Arial', style='normal', variant='normal', weight=900, stretch='normal', size='scalable')) = 6.888636363636364
[2026-08-01 04:44:03] [DEBUG] findfont: score(FontEntry(fname='C:\\Windows\\Fonts\\ariblk.ttf', index=0, name='Arial Black', style='normal', variant='normal', weight=400, stretch='normal', size='scalable')) = 10.05
[2026-08-01 04:44:03] [DEBUG] findfont: score(FontEntry(fname='C:\\Windows\\Fonts\\msyh.ttc', index=0, name='Microsoft YaHei', style='normal', variant='normal', weight=400, stretch='normal', size='scalable')) = 10.05
[2026-08-01 04:44:03] [DEBUG] findfont: score(FontEntry(fname='C:\\Windows\\Fonts\\msyh.ttc', index=1, name='Microsoft YaHei UI', style='normal', variant='normal', weight=400, stretch='normal', size='scalable')) = 10.05
[2026-08-01 04:44:03] [DEBUG] findfont: score(FontEntry(fname='C:\\Windows\\Fonts\\msjh.ttc', index=0, name='Microsoft JhengHei', style='normal', variant='normal', weight=400, stretch='normal', size='scalable')) = 10.05
[2026-08-01 04:44:03] [DEBUG] findfont: score(FontEntry(fname='C:\\Windows\\Fonts\\msjh.ttc', index=1, name='Microsoft JhengHei UI', style='normal', variant='normal', weight=400, stretch='normal', size='scalable')) = 10.05
[2026-08-01 04:44:03] [DEBUG] findfont: score(FontEntry(fname='C:\\Windows\\Fonts\\segoeuiz.ttf', index=0, name='Segoe UI', style='italic', variant='normal', weight=700, stretch='normal', size='scalable')) = 11.335
[2026-08-01 04:44:03] [DEBUG] findfont: score(FontEntry(fname='C:\\Windows\\Fonts\\tahomabd.ttf', index=0, name='Tahoma', style='normal', variant='normal', weight=700, stretch='normal', size='scalable')) = 10.335
[2026-08-01 04:44:03] [DEBUG] findfont: score(FontEntry(fname='C:\\Windows\\Fonts\\constani.ttf', index=0, name='Constantia', style='italic', variant='normal', weight=400, stretch='normal', size='scalable')) = 11.05
[2026-08-01 04:44:03] [DEBUG] findfont: score(FontEntry(fname='C:\\Windows\\Fonts\\SegUIVar.ttf', index=0, name='Segoe UI Variable', style='normal', variant='normal', weight=400, stretch='normal', size='scalable')) = 10.05
[2026-08-01 04:44:03] [DEBUG] findfont: score(FontEntry(fname='C:\\Windows\\Fonts\\verdanaz.ttf', index=0, name='Verdana', style='italic', variant='normal', weight=700, stretch='normal', size='scalable')) = 4.971363636363637
[2026-08-01 04:44:03] [DEBUG] findfont: score(FontEntry(fname='C:\\Windows\\Fonts\\msgothic.ttc', index=0, name='MS Gothic', style='normal', variant='normal', weight=400, stretch='normal', size='scalable')) = 10.05
[2026-08-01 04:44:03] [DEBUG] findfont: score(FontEntry(fname='C:\\Windows\\Fonts\\msgothic.ttc', index=1, name='MS UI Gothic', style='normal', variant='normal', weight=400, stretch='normal', size='scalable')) = 10.05
[2026-08-01 04:44:03] [DEBUG] findfont: score(FontEntry(fname='C:\\Windows\\Fonts\\msgothic.ttc', index=2, name='MS PGothic', style='normal', variant='normal', weight=400, stretch='normal', size='scalable')) = 10.05
[2026-08-01 04:44:03] [DEBUG] findfont: score(FontEntry(fname='C:\\Windows\\Fonts\\trebuc.ttf', index=0, name='Trebuchet MS', style='normal', variant='normal', weight=400, stretch='normal', size='scalable')) = 10.05
[2026-08-01 04:44:03] [DEBUG] findfont: score(FontEntry(fname='C:\\Windows\\Fonts\\ariali.ttf', index=0, name='Arial', style='italic', variant='normal', weight=400, stretch='normal', size='scalable')) = 7.413636363636363
[2026-08-01 04:44:03] [DEBUG] findfont: score(FontEntry(fname='C:\\Windows\\Fonts\\pala.ttf', index=0, name='Palatino Linotype', style='normal', variant='normal', weight=400, stretch='normal', size='scalable')) = 10.05
[2026-08-01 04:44:03] [DEBUG] findfont: score(FontEntry(fname='C:\\Windows\\Fonts\\YuGothM.ttc', index=0, name='Yu Gothic', style='normal', variant='normal', weight=500, stretch='normal', size='scalable')) = 10.145
[2026-08-01 04:44:03] [DEBUG] findfont: score(FontEntry(fname='C:\\Windows\\Fonts\\YuGothM.ttc', index=0, name='Yu Gothic Medium', style='normal', variant='normal', weight=400, stretch='normal', size='scalable')) = 10.05
[2026-08-01 04:44:03] [DEBUG] findfont: score(FontEntry(fname='C:\\Windows\\Fonts\\YuGothM.ttc', index=1, name='Yu Gothic UI', style='normal', variant='normal', weight=400, stretch='normal', size='scalable')) = 10.05
[2026-08-01 04:44:03] [DEBUG] findfont: score(FontEntry(fname='C:\\Windows\\Fonts\\Candara.ttf', index=0, name='Candara', style='normal', variant='normal', weight=400, stretch='normal', size='scalable')) = 10.05
[2026-08-01 04:44:03] [DEBUG] findfont: score(FontEntry(fname='C:\\Windows\\Fonts\\timesbd.ttf', index=0, name='Times New Roman', style='normal', variant='normal', weight=700, stretch='normal', size='scalable')) = 10.335
[2026-08-01 04:44:03] [DEBUG] findfont: score(FontEntry(fname='C:\\Windows\\Fonts\\georgiab.ttf', index=0, name='Georgia', style='normal', variant='normal', weight=700, stretch='normal', size='scalable')) = 10.335
[2026-08-01 04:44:03] [DEBUG] findfont: score(FontEntry(fname='C:\\Windows\\Fonts\\segoeui.ttf', index=0, name='Segoe UI', style='normal', variant='normal', weight=400, stretch='normal', size='scalable')) = 10.05
[2026-08-01 04:44:03] [DEBUG] findfont: score(FontEntry(fname='C:\\Windows\\Fonts\\ntailub.ttf', index=0, name='Microsoft New Tai Lue', style='normal', variant='normal', weight=700, stretch='normal', size='scalable')) = 10.335
[2026-08-01 04:44:03] [DEBUG] findfont: score(FontEntry(fname='C:\\Windows\\Fonts\\seguiemj.ttf', index=0, name='Segoe UI Emoji', style='normal', variant='normal', weight=400, stretch='normal', size='scalable')) = 10.05
[2026-08-01 04:44:03] [DEBUG] findfont: score(FontEntry(fname='C:\\Windows\\Fonts\\segmdl2.ttf', index=0, name='Segoe MDL2 Assets', style='normal', variant='normal', weight=400, stretch='normal', size='scalable')) = 10.05
[2026-08-01 04:44:03] [DEBUG] findfont: score(FontEntry(fname='C:\\Windows\\Fonts\\mingliub.ttc', index=0, name='MingLiU-ExtB', style='normal', variant='normal', weight=400, stretch='normal', size='scalable')) = 10.05
[2026-08-01 04:44:03] [DEBUG] findfont: score(FontEntry(fname='C:\\Windows\\Fonts\\mingliub.ttc', index=1, name='PMingLiU-ExtB', style='normal', variant='normal', weight=400, stretch='normal', size='scalable')) = 10.05
[2026-08-01 04:44:03] [DEBUG] findfont: score(FontEntry(fname='C:\\Windows\\Fonts\\mingliub.ttc', index=2, name='MingLiU_HKSCS-ExtB', style='normal', variant='normal', weight=400, stretch='normal', size='scalable')) = 10.05
[2026-08-01 04:44:03] [DEBUG] findfont: score(FontEntry(fname='C:\\Windows\\Fonts\\mingliub.ttc', index=3, name='MingLiU_MSCS-ExtB', style='normal', variant='normal', weight=400, stretch='normal', size='scalable')) = 10.05
[2026-08-01 04:44:03] [DEBUG] findfont: score(FontEntry(fname='C:\\Windows\\Fonts\\msyi.ttf', index=0, name='Microsoft Yi Baiti', style='normal', variant='normal', weight=400, stretch='normal', size='scalable')) = 10.05
[2026-08-01 04:44:03] [DEBUG] findfont: score(FontEntry(fname='C:\\Windows\\Fonts\\verdanab.ttf', index=0, name='Verdana', style='normal', variant='normal', weight=700, stretch='normal', size='scalable')) = 3.9713636363636367
[2026-08-01 04:44:03] [DEBUG] findfont: score(FontEntry(fname='C:\\Windows\\Fonts\\lucon.ttf', index=0, name='Lucida Console', style='normal', variant='normal', weight=400, stretch='normal', size='scalable')) = 10.05
[2026-08-01 04:44:03] [DEBUG] findfont: score(FontEntry(fname='C:\\Windows\\Fonts\\cambriaz.ttf', index=0, name='Cambria', style='italic', variant='normal', weight=700, stretch='normal', size='scalable')) = 11.335
[2026-08-01 04:44:03] [DEBUG] findfont: score(FontEntry(fname='C:\\Windows\\Fonts\\constanz.ttf', index=0, name='Constantia', style='italic', variant='normal', weight=700, stretch='normal', size='scalable')) = 11.335
[2026-08-01 04:44:03] [DEBUG] findfont: score(FontEntry(fname='C:\\Windows\\Fonts\\webdings.ttf', index=0, name='Webdings', style='normal', variant='normal', weight=400, stretch='normal', size='scalable')) = 10.05
[2026-08-01 04:44:03] [DEBUG] findfont: score(FontEntry(fname='C:\\Windows\\Fonts\\gadugib.ttf', index=0, name='Gadugi', style='normal', variant='normal', weight=700, stretch='normal', size='scalable')) = 10.335
[2026-08-01 04:44:03] [DEBUG] findfont: score(FontEntry(fname='C:\\Windows\\Fonts\\SegoeIcons.ttf', index=0, name='Segoe Fluent Icons', style='normal', variant='normal', weight=400, stretch='normal', size='scalable')) = 10.05
[2026-08-01 04:44:03] [DEBUG] findfont: score(FontEntry(fname='C:\\Windows\\Fonts\\arialbi.ttf', index=0, name='Arial', style='italic', variant='normal', weight=700, stretch='normal', size='scalable')) = 7.698636363636363
[2026-08-01 04:44:03] [DEBUG] findfont: score(FontEntry(fname='C:\\Windows\\Fonts\\trebucbi.ttf', index=0, name='Trebuchet MS', style='italic', variant='normal', weight=700, stretch='normal', size='scalable')) = 11.335
[2026-08-01 04:44:03] [DEBUG] findfont: score(FontEntry(fname='C:\\Windows\\Fonts\\bahnschrift.ttf', index=0, name='Bahnschrift', style='normal', variant='normal', weight=400, stretch='normal', size='scalable')) = 10.05
[2026-08-01 04:44:03] [DEBUG] findfont: score(FontEntry(fname='C:\\Windows\\Fonts\\SitkaVF-Italic.ttf', index=0, name='Sitka', style='italic', variant='normal', weight=400, stretch='normal', size='scalable')) = 11.05
[2026-08-01 04:44:03] [DEBUG] findfont: score(FontEntry(fname='C:\\Windows\\Fonts\\SitkaVF-Italic.ttf', index=0, name='Sitka Text', style='italic', variant='normal', weight=400, stretch='normal', size='scalable')) = 11.05
[2026-08-01 04:44:03] [DEBUG] findfont: score(FontEntry(fname='C:\\Windows\\Fonts\\georgiai.ttf', index=0, name='Georgia', style='italic', variant='normal', weight=400, stretch='normal', size='scalable')) = 11.05
[2026-08-01 04:44:03] [DEBUG] findfont: score(FontEntry(fname='C:\\Windows\\Fonts\\framdit.ttf', index=0, name='Franklin Gothic Medium', style='italic', variant='normal', weight=400, stretch='normal', size='scalable')) = 11.05
[2026-08-01 04:44:03] [DEBUG] findfont: score(FontEntry(fname='C:\\Windows\\Fonts\\georgiaz.ttf', index=0, name='Georgia', style='italic', variant='normal', weight=700, stretch='normal', size='scalable')) = 11.335
[2026-08-01 04:44:03] [DEBUG] findfont: score(FontEntry(fname='C:\\Windows\\Fonts\\symbol.ttf', index=0, name='Symbol', style='normal', variant='normal', weight=400, stretch='normal', size='scalable')) = 10.05
[2026-08-01 04:44:03] [DEBUG] findfont: score(FontEntry(fname='C:\\Windows\\Fonts\\mvboli.ttf', index=0, name='MV Boli', style='normal', variant='normal', weight=400, stretch='normal', size='scalable')) = 10.05
[2026-08-01 04:44:03] [DEBUG] findfont: score(FontEntry(fname='C:\\Windows\\Fonts\\micross.ttf', index=0, name='Microsoft Sans Serif', style='normal', variant='normal', weight=400, stretch='normal', size='scalable')) = 10.05
[2026-08-01 04:44:03] [DEBUG] findfont: score(FontEntry(fname='C:\\Windows\\Fonts\\ebrimabd.ttf', index=0, name='Ebrima', style='normal', variant='normal', weight=700, stretch='normal', size='scalable')) = 10.335
[2026-08-01 04:44:03] [DEBUG] findfont: score(FontEntry(fname='C:\\Windows\\Fonts\\YuGothR.ttc', index=0, name='Yu Gothic', style='normal', variant='normal', weight=400, stretch='normal', size='scalable')) = 10.05
[2026-08-01 04:44:03] [DEBUG] findfont: score(FontEntry(fname='C:\\Windows\\Fonts\\YuGothR.ttc', index=1, name='Yu Gothic UI', style='normal', variant='normal', weight=350, stretch='normal', size='scalable')) = 10.0975
[2026-08-01 04:44:03] [DEBUG] findfont: score(FontEntry(fname='C:\\Windows\\Fonts\\YuGothR.ttc', index=1, name='Yu Gothic UI Semilight', style='normal', variant='normal', weight=400, stretch='normal', size='scalable')) = 10.05
[2026-08-01 04:44:03] [DEBUG] findfont: score(FontEntry(fname='C:\\Windows\\Fonts\\wingding.ttf', index=0, name='Wingdings', style='normal', variant='normal', weight=400, stretch='normal', size='scalable')) = 10.05
[2026-08-01 04:44:03] [DEBUG] findfont: score(FontEntry(fname='C:\\Windows\\Fonts\\tahoma.ttf', index=0, name='Tahoma', style='normal', variant='normal', weight=400, stretch='normal', size='scalable')) = 10.05
[2026-08-01 04:44:03] [DEBUG] findfont: score(FontEntry(fname='C:\\Windows\\Fonts\\arial.ttf', index=0, name='Arial', style='normal', variant='normal', weight=400, stretch='normal', size='scalable')) = 6.413636363636363
[2026-08-01 04:44:03] [DEBUG] findfont: score(FontEntry(fname='C:\\Windows\\Fonts\\calibrili.ttf', index=0, name='Calibri', style='italic', variant='normal', weight=300, stretch='normal', size='scalable')) = 11.145
[2026-08-01 04:44:03] [DEBUG] findfont: score(FontEntry(fname='C:\\Windows\\Fonts\\calibrili.ttf', index=0, name='Calibri Light', style='italic', variant='normal', weight=400, stretch='normal', size='scalable')) = 11.05
[2026-08-01 04:44:03] [DEBUG] findfont: score(FontEntry(fname='C:\\Windows\\Fonts\\SansSerifCollection.ttf', index=0, name='Sans Serif Collection', style='normal', variant='normal', weight=400, stretch='normal', size='scalable')) = 10.05
[2026-08-01 04:44:03] [DEBUG] findfont: score(FontEntry(fname='C:\\Windows\\Fonts\\ntailu.ttf', index=0, name='Microsoft New Tai Lue', style='normal', variant='normal', weight=400, stretch='normal', size='scalable')) = 10.05
[2026-08-01 04:44:03] [DEBUG] findfont: score(FontEntry(fname='C:\\Windows\\Fonts\\taileb.ttf', index=0, name='Microsoft Tai Le', style='normal', variant='normal', weight=700, stretch='normal', size='scalable')) = 10.335
[2026-08-01 04:44:03] [DEBUG] findfont: score(FontEntry(fname='C:\\Windows\\Fonts\\courbd.ttf', index=0, name='Courier New', style='normal', variant='normal', weight=700, stretch='normal', size='scalable')) = 10.335
[2026-08-01 04:44:03] [DEBUG] findfont: score(FontEntry(fname='C:\\Windows\\Fonts\\constan.ttf', index=0, name='Constantia', style='normal', variant='normal', weight=400, stretch='normal', size='scalable')) = 10.05
[2026-08-01 04:44:03] [DEBUG] findfont: score(FontEntry(fname='C:\\Windows\\Fonts\\calibrib.ttf', index=0, name='Calibri', style='normal', variant='normal', weight=700, stretch='normal', size='scalable')) = 10.335
[2026-08-01 04:44:03] [DEBUG] findfont: score(FontEntry(fname='C:\\Windows\\Fonts\\monbaiti.ttf', index=0, name='Mongolian Baiti', style='normal', variant='normal', weight=400, stretch='normal', size='scalable')) = 10.05
[2026-08-01 04:44:03] [DEBUG] findfont: score(FontEntry(fname='C:\\Windows\\Fonts\\seguihis.ttf', index=0, name='Segoe UI Historic', style='normal', variant='normal', weight=400, stretch='normal', size='scalable')) = 10.05
[2026-08-01 04:44:03] [DEBUG] findfont: score(FontEntry(fname='C:\\Windows\\Fonts\\verdanai.ttf', index=0, name='Verdana', style='italic', variant='normal', weight=400, stretch='normal', size='scalable')) = 4.6863636363636365
[2026-08-01 04:44:03] [DEBUG] findfont: score(FontEntry(fname='C:\\Windows\\Fonts\\consolab.ttf', index=0, name='Consolas', style='normal', variant='normal', weight=700, stretch='normal', size='scalable')) = 10.335
[2026-08-01 04:44:03] [DEBUG] findfont: score(FontEntry(fname='C:\\Windows\\Fonts\\trebucit.ttf', index=0, name='Trebuchet MS', style='italic', variant='normal', weight=400, stretch='normal', size='scalable')) = 11.05
[2026-08-01 04:44:03] [DEBUG] findfont: score(FontEntry(fname='C:\\Windows\\Fonts\\ebrima.ttf', index=0, name='Ebrima', style='normal', variant='normal', weight=400, stretch='normal', size='scalable')) = 10.05
[2026-08-01 04:44:03] [DEBUG] findfont: score(FontEntry(fname='C:\\Windows\\Fonts\\framd.ttf', index=0, name='Franklin Gothic Medium', style='normal', variant='normal', weight=400, stretch='normal', size='scalable')) = 10.05
[2026-08-01 04:44:03] [DEBUG] findfont: score(FontEntry(fname='C:\\Windows\\Fonts\\phagspa.ttf', index=0, name='Microsoft PhagsPa', style='normal', variant='normal', weight=400, stretch='normal', size='scalable')) = 10.05
[2026-08-01 04:44:03] [DEBUG] findfont: score(FontEntry(fname='C:\\Windows\\Fonts\\LeelawUI.ttf', index=0, name='Leelawadee UI', style='normal', variant='normal', weight=400, stretch='normal', size='scalable')) = 10.05
[2026-08-01 04:44:03] [DEBUG] findfont: score(FontEntry(fname='C:\\Windows\\Fonts\\System_Detect.ttf', index=0, name='System Detect', style='normal', variant='normal', weight=400, stretch='normal', size='scalable')) = 10.05
[2026-08-01 04:44:03] [DEBUG] findfont: score(FontEntry(fname='C:\\Windows\\Fonts\\SitkaVF.ttf', index=0, name='Sitka', style='normal', variant='normal', weight=400, stretch='normal', size='scalable')) = 10.05
[2026-08-01 04:44:03] [DEBUG] findfont: score(FontEntry(fname='C:\\Windows\\Fonts\\SitkaVF.ttf', index=0, name='Sitka Text', style='normal', variant='normal', weight=400, stretch='normal', size='scalable')) = 10.05
[2026-08-01 04:44:03] [DEBUG] findfont: score(FontEntry(fname='C:\\Windows\\Fonts\\seguili.ttf', index=0, name='Segoe UI', style='italic', variant='normal', weight=300, stretch='normal', size='scalable')) = 11.145
[2026-08-01 04:44:03] [DEBUG] findfont: score(FontEntry(fname='C:\\Windows\\Fonts\\seguili.ttf', index=0, name='Segoe UI Light', style='italic', variant='normal', weight=400, stretch='normal', size='scalable')) = 11.05
[2026-08-01 04:44:03] [DEBUG] findfont: score(FontEntry(fname='C:\\Windows\\Fonts\\segoeuil.ttf', index=0, name='Segoe UI', style='normal', variant='normal', weight=300, stretch='normal', size='scalable')) = 10.145
[2026-08-01 04:44:03] [DEBUG] findfont: score(FontEntry(fname='C:\\Windows\\Fonts\\segoeuil.ttf', index=0, name='Segoe UI Light', style='normal', variant='normal', weight=400, stretch='normal', size='scalable')) = 10.05
[2026-08-01 04:44:03] [DEBUG] findfont: score(FontEntry(fname='C:\\Windows\\Fonts\\LeelaUIb.ttf', index=0, name='Leelawadee UI', style='normal', variant='normal', weight=700, stretch='normal', size='scalable')) = 10.335
[2026-08-01 04:44:03] [DEBUG] findfont: score(FontEntry(fname='C:\\Windows\\Fonts\\Inkfree.ttf', index=0, name='Ink Free', style='normal', variant='normal', weight=400, stretch='normal', size='scalable')) = 10.05
[2026-08-01 04:44:03] [DEBUG] findfont: score(FontEntry(fname='C:\\Windows\\Fonts\\palab.ttf', index=0, name='Palatino Linotype', style='normal', variant='normal', weight=700, stretch='normal', size='scalable')) = 10.335
[2026-08-01 04:44:03] [DEBUG] findfont: score(FontEntry(fname='C:\\Windows\\Fonts\\simsunb.ttf', index=0, name='SimSun-ExtB', style='normal', variant='normal', weight=400, stretch='normal', size='scalable')) = 10.05
[2026-08-01 04:44:03] [DEBUG] findfont: score(FontEntry(fname='C:\\Windows\\Fonts\\segoeuib.ttf', index=0, name='Segoe UI', style='normal', variant='normal', weight=700, stretch='normal', size='scalable')) = 10.335
[2026-08-01 04:44:03] [DEBUG] findfont: score(FontEntry(fname='C:\\Windows\\Fonts\\consola.ttf', index=0, name='Consolas', style='normal', variant='normal', weight=400, stretch='normal', size='scalable')) = 10.05
[2026-08-01 04:44:03] [DEBUG] findfont: score(FontEntry(fname='C:\\Windows\\Fonts\\segoepr.ttf', index=0, name='Segoe Print', style='normal', variant='normal', weight=400, stretch='normal', size='scalable')) = 10.05
[2026-08-01 04:44:03] [DEBUG] findfont: score(FontEntry(fname='C:\\Windows\\Fonts\\SimsunExtG.ttf', index=0, name='SimSun-ExtG', style='normal', variant='normal', weight=400, stretch='normal', size='scalable')) = 10.05
[2026-08-01 04:44:03] [DEBUG] findfont: score(FontEntry(fname='C:\\Windows\\Fonts\\phagspab.ttf', index=0, name='Microsoft PhagsPa', style='normal', variant='normal', weight=700, stretch='normal', size='scalable')) = 10.335
[2026-08-01 04:44:03] [DEBUG] findfont: score(FontEntry(fname='C:\\Windows\\Fonts\\taile.ttf', index=0, name='Microsoft Tai Le', style='normal', variant='normal', weight=400, stretch='normal', size='scalable')) = 10.05
[2026-08-01 04:44:03] [DEBUG] findfont: score(FontEntry(fname='C:\\Windows\\Fonts\\Candarali.ttf', index=0, name='Candara', style='italic', variant='normal', weight=400, stretch='normal', size='scalable')) = 11.05
[2026-08-01 04:44:03] [DEBUG] findfont: score(FontEntry(fname='C:\\Windows\\Fonts\\Candarali.ttf', index=0, name='Candara Light', style='italic', variant='normal', weight=400, stretch='normal', size='scalable')) = 11.05
[2026-08-01 04:44:03] [DEBUG] findfont: score(FontEntry(fname='C:\\Windows\\Fonts\\Candarab.ttf', index=0, name='Candara', style='normal', variant='normal', weight=700, stretch='normal', size='scalable')) = 10.335
[2026-08-01 04:44:03] [DEBUG] findfont: score(FontEntry(fname='C:\\Windows\\Fonts\\consolaz.ttf', index=0, name='Consolas', style='italic', variant='normal', weight=700, stretch='normal', size='scalable')) = 11.335
[2026-08-01 04:44:03] [DEBUG] findfont: score(FontEntry(fname='C:\\Windows\\Fonts\\sylfaen.ttf', index=0, name='Sylfaen', style='normal', variant='normal', weight=400, stretch='normal', size='scalable')) = 10.05
[2026-08-01 04:44:03] [DEBUG] findfont: score(FontEntry(fname='C:\\Windows\\Fonts\\msjhl.ttc', index=0, name='Microsoft JhengHei', style='normal', variant='normal', weight=290, stretch='normal', size='scalable')) = 10.1545
[2026-08-01 04:44:03] [DEBUG] findfont: score(FontEntry(fname='C:\\Windows\\Fonts\\msjhl.ttc', index=0, name='Microsoft JhengHei Light', style='normal', variant='normal', weight=400, stretch='normal', size='scalable')) = 10.05
[2026-08-01 04:44:03] [DEBUG] findfont: score(FontEntry(fname='C:\\Windows\\Fonts\\msjhl.ttc', index=1, name='Microsoft JhengHei UI', style='normal', variant='normal', weight=290, stretch='normal', size='scalable')) = 10.1545
[2026-08-01 04:44:03] [DEBUG] findfont: score(FontEntry(fname='C:\\Windows\\Fonts\\msjhl.ttc', index=1, name='Microsoft JhengHei UI Light', style='normal', variant='normal', weight=400, stretch='normal', size='scalable')) = 10.05
[2026-08-01 04:44:03] [DEBUG] findfont: score(FontEntry(fname='C:\\Windows\\Fonts\\arialbd.ttf', index=0, name='Arial', style='normal', variant='normal', weight=700, stretch='normal', size='scalable')) = 6.698636363636363
[2026-08-01 04:44:03] [DEBUG] findfont: score(FontEntry(fname='C:\\Windows\\Fonts\\mmrtextb.ttf', index=0, name='Myanmar Text', style='normal', variant='normal', weight=700, stretch='normal', size='scalable')) = 10.335
[2026-08-01 04:44:03] [DEBUG] findfont: score(FontEntry(fname='C:\\Windows\\Fonts\\seguisli.ttf', index=0, name='Segoe UI', style='italic', variant='normal', weight=350, stretch='normal', size='scalable')) = 11.0975
[2026-08-01 04:44:03] [DEBUG] findfont: score(FontEntry(fname='C:\\Windows\\Fonts\\seguisli.ttf', index=0, name='Segoe UI Semilight', style='italic', variant='normal', weight=400, stretch='normal', size='scalable')) = 11.05
[2026-08-01 04:44:03] [DEBUG] findfont: score(FontEntry(fname='C:\\Windows\\Fonts\\cambria.ttc', index=0, name='Cambria', style='normal', variant='normal', weight=400, stretch='normal', size='scalable')) = 10.05
[2026-08-01 04:44:03] [DEBUG] findfont: score(FontEntry(fname='C:\\Windows\\Fonts\\cambria.ttc', index=1, name='Cambria Math', style='normal', variant='normal', weight=400, stretch='normal', size='scalable')) = 10.05
[2026-08-01 04:44:03] [DEBUG] findfont: score(FontEntry(fname='C:\\Windows\\Fonts\\seguisym.ttf', index=0, name='Segoe UI Symbol', style='normal', variant='normal', weight=400, stretch='normal', size='scalable')) = 10.05
[2026-08-01 04:44:03] [DEBUG] findfont: score(FontEntry(fname='C:\\Windows\\Fonts\\msyhbd.ttc', index=0, name='Microsoft YaHei', style='normal', variant='normal', weight=700, stretch='normal', size='scalable')) = 10.335
[2026-08-01 04:44:03] [DEBUG] findfont: score(FontEntry(fname='C:\\Windows\\Fonts\\msyhbd.ttc', index=1, name='Microsoft YaHei UI', style='normal', variant='normal', weight=700, stretch='normal', size='scalable')) = 10.335
[2026-08-01 04:44:03] [DEBUG] findfont: score(FontEntry(fname='C:\\Windows\\Fonts\\Gabriola.ttf', index=0, name='Gabriola', style='normal', variant='normal', weight=400, stretch='normal', size='scalable')) = 10.05
[2026-08-01 04:44:03] [DEBUG] findfont: score(FontEntry(fname='C:\\Windows\\Fonts\\javatext.ttf', index=0, name='Javanese Text', style='normal', variant='normal', weight=400, stretch='normal', size='scalable')) = 10.05
[2026-08-01 04:44:03] [DEBUG] findfont: score(FontEntry(fname='C:\\Windows\\Fonts\\couri.ttf', index=0, name='Courier New', style='italic', variant='normal', weight=400, stretch='normal', size='scalable')) = 11.05
[2026-08-01 04:44:03] [DEBUG] findfont: score(FontEntry(fname='C:\\Windows\\Fonts\\georgia.ttf', index=0, name='Georgia', style='normal', variant='normal', weight=400, stretch='normal', size='scalable')) = 10.05
[2026-08-01 04:44:03] [DEBUG] findfont: score(FontEntry(fname='C:\\Windows\\Fonts\\seguisbi.ttf', index=0, name='Segoe UI', style='italic', variant='normal', weight=600, stretch='normal', size='scalable')) = 11.24
[2026-08-01 04:44:03] [DEBUG] findfont: score(FontEntry(fname='C:\\Windows\\Fonts\\seguisbi.ttf', index=0, name='Segoe UI Semibold', style='italic', variant='normal', weight=400, stretch='normal', size='scalable')) = 11.05
[2026-08-01 04:44:03] [DEBUG] findfont: score(FontEntry(fname='C:\\Windows\\Fonts\\YuGothL.ttc', index=0, name='Yu Gothic', style='normal', variant='normal', weight=300, stretch='normal', size='scalable')) = 10.145
[2026-08-01 04:44:03] [DEBUG] findfont: score(FontEntry(fname='C:\\Windows\\Fonts\\YuGothL.ttc', index=0, name='Yu Gothic Light', style='normal', variant='normal', weight=400, stretch='normal', size='scalable')) = 10.05
[2026-08-01 04:44:03] [DEBUG] findfont: score(FontEntry(fname='C:\\Windows\\Fonts\\YuGothL.ttc', index=1, name='Yu Gothic UI', style='normal', variant='normal', weight=300, stretch='normal', size='scalable')) = 10.145
[2026-08-01 04:44:03] [DEBUG] findfont: score(FontEntry(fname='C:\\Windows\\Fonts\\YuGothL.ttc', index=1, name='Yu Gothic UI Light', style='normal', variant='normal', weight=400, stretch='normal', size='scalable')) = 10.05
[2026-08-01 04:44:03] [DEBUG] findfont: score(FontEntry(fname='C:\\Windows\\Fonts\\msyhl.ttc', index=0, name='Microsoft YaHei', style='normal', variant='normal', weight=290, stretch='normal', size='scalable')) = 10.1545
[2026-08-01 04:44:03] [DEBUG] findfont: score(FontEntry(fname='C:\\Windows\\Fonts\\msyhl.ttc', index=0, name='Microsoft YaHei Light', style='normal', variant='normal', weight=400, stretch='normal', size='scalable')) = 10.05
[2026-08-01 04:44:03] [DEBUG] findfont: score(FontEntry(fname='C:\\Windows\\Fonts\\msyhl.ttc', index=1, name='Microsoft YaHei UI', style='normal', variant='normal', weight=290, stretch='normal', size='scalable')) = 10.1545
[2026-08-01 04:44:03] [DEBUG] findfont: score(FontEntry(fname='C:\\Windows\\Fonts\\msyhl.ttc', index=1, name='Microsoft YaHei UI Light', style='normal', variant='normal', weight=400, stretch='normal', size='scalable')) = 10.05
[2026-08-01 04:44:03] [DEBUG] findfont: score(FontEntry(fname='C:\\Windows\\Fonts\\l_10646.ttf', index=0, name='Lucida Sans Unicode', style='normal', variant='normal', weight=400, stretch='normal', size='scalable')) = 10.05
[2026-08-01 04:44:03] [DEBUG] findfont: score(FontEntry(fname='C:\\Windows\\Fonts\\segoeprb.ttf', index=0, name='Segoe Print', style='normal', variant='normal', weight=700, stretch='normal', size='scalable')) = 10.335
[2026-08-01 04:44:03] [DEBUG] findfont: score(FontEntry(fname='C:\\Windows\\Fonts\\timesi.ttf', index=0, name='Times New Roman', style='italic', variant='normal', weight=400, stretch='normal', size='scalable')) = 11.05
[2026-08-01 04:44:03] [DEBUG] findfont: score(FontEntry(fname='C:\\Windows\\Fonts\\consolai.ttf', index=0, name='Consolas', style='italic', variant='normal', weight=400, stretch='normal', size='scalable')) = 11.05
[2026-08-01 04:44:03] [DEBUG] findfont: score(FontEntry(fname='C:\\Windows\\Fonts\\palabi.ttf', index=0, name='Palatino Linotype', style='italic', variant='normal', weight=700, stretch='normal', size='scalable')) = 11.335
[2026-08-01 04:44:03] [DEBUG] findfont: score(FontEntry(fname='C:\\Windows\\Fonts\\seguibl.ttf', index=0, name='Segoe UI', style='normal', variant='normal', weight=900, stretch='normal', size='scalable')) = 10.525
[2026-08-01 04:44:03] [DEBUG] findfont: score(FontEntry(fname='C:\\Windows\\Fonts\\seguibl.ttf', index=0, name='Segoe UI Black', style='normal', variant='normal', weight=400, stretch='normal', size='scalable')) = 10.05
[2026-08-01 04:44:03] [DEBUG] findfont: score(FontEntry(fname='C:\\Windows\\Fonts\\segoesc.ttf', index=0, name='Segoe Script', style='normal', variant='normal', weight=400, stretch='normal', size='scalable')) = 10.05
[2026-08-01 04:44:03] [DEBUG] findfont: score(FontEntry(fname='C:\\Windows\\Fonts\\gadugi.ttf', index=0, name='Gadugi', style='normal', variant='normal', weight=400, stretch='normal', size='scalable')) = 10.05
[2026-08-01 04:44:03] [DEBUG] findfont: score(FontEntry(fname='C:\\Windows\\Fonts\\calibriz.ttf', index=0, name='Calibri', style='italic', variant='normal', weight=700, stretch='normal', size='scalable')) = 11.335
[2026-08-01 04:44:03] [DEBUG] findfont: score(FontEntry(fname='C:\\Windows\\Fonts\\constanb.ttf', index=0, name='Constantia', style='normal', variant='normal', weight=700, stretch='normal', size='scalable')) = 10.335
[2026-08-01 04:44:03] [DEBUG] findfont: score(FontEntry(fname='C:\\Windows\\Fonts\\courbi.ttf', index=0, name='Courier New', style='italic', variant='normal', weight=700, stretch='normal', size='scalable')) = 11.335
[2026-08-01 04:44:03] [DEBUG] findfont: score(FontEntry(fname='C:\\Windows\\Fonts\\Candarai.ttf', index=0, name='Candara', style='italic', variant='normal', weight=400, stretch='normal', size='scalable')) = 11.05
[2026-08-01 04:44:03] [DEBUG] findfont: score(FontEntry(fname='C:\\Windows\\Fonts\\mmrtext.ttf', index=0, name='Myanmar Text', style='normal', variant='normal', weight=400, stretch='normal', size='scalable')) = 10.05
[2026-08-01 04:44:03] [DEBUG] findfont: score(FontEntry(fname='C:\\Windows\\Fonts\\trebucbd.ttf', index=0, name='Trebuchet MS', style='normal', variant='normal', weight=700, stretch='normal', size='scalable')) = 10.335
[2026-08-01 04:44:03] [DEBUG] findfont: Matching sans\-serif:style=normal:variant=normal:weight=normal:stretch=normal:size=10.0 to DejaVu Sans ('C:\\Users\\pchuanvn\\Desktop\\Ai_Optimization_Of_Vshape_IPM_motor-main\\venv\\Lib\\site-packages\\matplotlib\\mpl-data\\fonts\\ttf\\DejaVuSans.ttf') with score of 0.050000.
[2026-08-01 04:44:03] [DEBUG] locator: <matplotlib.ticker.AutoLocator object at 0x00000195065BD5B0>
[2026-08-01 04:44:03] [DEBUG] findfont: Matching sans\-serif:style=normal:variant=normal:weight=normal:stretch=normal:size=12.0.
[2026-08-01 04:44:03] [DEBUG] findfont: score(FontEntry(fname='C:\\Users\\pchuanvn\\Desktop\\Ai_Optimization_Of_Vshape_IPM_motor-main\\venv\\Lib\\site-packages\\matplotlib\\mpl-data\\fonts\\ttf\\DejaVuSansDisplay.ttf', index=0, name='DejaVu Sans Display', style='normal', variant='normal', weight=400, stretch='normal', size='scalable')) = 10.05
[2026-08-01 04:44:03] [DEBUG] findfont: score(FontEntry(fname='C:\\Users\\pchuanvn\\Desktop\\Ai_Optimization_Of_Vshape_IPM_motor-main\\venv\\Lib\\site-packages\\matplotlib\\mpl-data\\fonts\\ttf\\cmti10.ttf', index=0, name='cmti10', style='normal', variant='normal', weight=400, stretch='normal', size='scalable')) = 10.05
[2026-08-01 04:44:03] [DEBUG] findfont: score(FontEntry(fname='C:\\Users\\pchuanvn\\Desktop\\Ai_Optimization_Of_Vshape_IPM_motor-main\\venv\\Lib\\site-packages\\matplotlib\\mpl-data\\fonts\\ttf\\DejaVuSansMono-Bold.ttf', index=0, name='DejaVu Sans Mono', style='normal', variant='normal', weight=700, stretch='normal', size='scalable')) = 10.335
[2026-08-01 04:44:03] [DEBUG] findfont: score(FontEntry(fname='C:\\Users\\pchuanvn\\Desktop\\Ai_Optimization_Of_Vshape_IPM_motor-main\\venv\\Lib\\site-packages\\matplotlib\\mpl-data\\fonts\\ttf\\DejaVuSansMono-Oblique.ttf', index=0, name='DejaVu Sans Mono', style='oblique', variant='normal', weight=400, stretch='normal', size='scalable')) = 11.05
[2026-08-01 04:44:03] [DEBUG] findfont: score(FontEntry(fname='C:\\Users\\pchuanvn\\Desktop\\Ai_Optimization_Of_Vshape_IPM_motor-main\\venv\\Lib\\site-packages\\matplotlib\\mpl-data\\fonts\\ttf\\DejaVuSans.ttf', index=0, name='DejaVu Sans', style='normal', variant='normal', weight=400, stretch='normal', size='scalable')) = 0.05
[2026-08-01 04:44:03] [DEBUG] findfont: score(FontEntry(fname='C:\\Users\\pchuanvn\\Desktop\\Ai_Optimization_Of_Vshape_IPM_motor-main\\venv\\Lib\\site-packages\\matplotlib\\mpl-data\\fonts\\ttf\\cmtt10.ttf', index=0, name='cmtt10', style='normal', variant='normal', weight=400, stretch='normal', size='scalable')) = 10.05
[2026-08-01 04:44:03] [DEBUG] findfont: score(FontEntry(fname='C:\\Users\\pchuanvn\\Desktop\\Ai_Optimization_Of_Vshape_IPM_motor-main\\venv\\Lib\\site-packages\\matplotlib\\mpl-data\\fonts\\ttf\\STIXNonUniBolIta.ttf', index=0, name='STIXNonUnicode', style='italic', variant='normal', weight=700, stretch='normal', size='scalable')) = 11.335
[2026-08-01 04:44:03] [DEBUG] findfont: score(FontEntry(fname='C:\\Users\\pchuanvn\\Desktop\\Ai_Optimization_Of_Vshape_IPM_motor-main\\venv\\Lib\\site-packages\\matplotlib\\mpl-data\\fonts\\ttf\\DejaVuSansMono-BoldOblique.ttf', index=0, name='DejaVu Sans Mono', style='oblique', variant='normal', weight=700, stretch='normal', size='scalable')) = 11.335
[2026-08-01 04:44:03] [DEBUG] findfont: score(FontEntry(fname='C:\\Users\\pchuanvn\\Desktop\\Ai_Optimization_Of_Vshape_IPM_motor-main\\venv\\Lib\\site-packages\\matplotlib\\mpl-data\\fonts\\ttf\\STIXGeneralBolIta.ttf', index=0, name='STIXGeneral', style='italic', variant='normal', weight=700, stretch='normal', size='scalable')) = 11.335
[2026-08-01 04:44:03] [DEBUG] findfont: score(FontEntry(fname='C:\\Users\\pchuanvn\\Desktop\\Ai_Optimization_Of_Vshape_IPM_motor-main\\venv\\Lib\\site-packages\\matplotlib\\mpl-data\\fonts\\ttf\\DejaVuSerif-Bold.ttf', index=0, name='DejaVu Serif', style='normal', variant='normal', weight=700, stretch='normal', size='scalable')) = 10.335
[2026-08-01 04:44:03] [DEBUG] findfont: score(FontEntry(fname='C:\\Users\\pchuanvn\\Desktop\\Ai_Optimization_Of_Vshape_IPM_motor-main\\venv\\Lib\\site-packages\\matplotlib\\mpl-data\\fonts\\ttf\\DejaVuSans-Bold.ttf', index=0, name='DejaVu Sans', style='normal', variant='normal', weight=700, stretch='normal', size='scalable')) = 0.33499999999999996
[2026-08-01 04:44:03] [DEBUG] findfont: score(FontEntry(fname='C:\\Users\\pchuanvn\\Desktop\\Ai_Optimization_Of_Vshape_IPM_motor-main\\venv\\Lib\\site-packages\\matplotlib\\mpl-data\\fonts\\ttf\\STIXGeneralBol.ttf', index=0, name='STIXGeneral', style='normal', variant='normal', weight=700, stretch='normal', size='scalable')) = 10.335
[2026-08-01 04:44:03] [DEBUG] findfont: score(FontEntry(fname='C:\\Users\\pchuanvn\\Desktop\\Ai_Optimization_Of_Vshape_IPM_motor-main\\venv\\Lib\\site-packages\\matplotlib\\mpl-data\\fonts\\ttf\\STIXNonUni.ttf', index=0, name='STIXNonUnicode', style='normal', variant='normal', weight=400, stretch='normal', size='scalable')) = 10.05
[2026-08-01 04:44:03] [DEBUG] findfont: score(FontEntry(fname='C:\\Users\\pchuanvn\\Desktop\\Ai_Optimization_Of_Vshape_IPM_motor-main\\venv\\Lib\\site-packages\\matplotlib\\mpl-data\\fonts\\ttf\\STIXSizFourSymBol.ttf', index=0, name='STIXSizeFourSym', style='normal', variant='normal', weight=700, stretch='normal', size='scalable')) = 10.335
[2026-08-01 04:44:03] [DEBUG] findfont: score(FontEntry(fname='C:\\Users\\pchuanvn\\Desktop\\Ai_Optimization_Of_Vshape_IPM_motor-main\\venv\\Lib\\site-packages\\matplotlib\\mpl-data\\fonts\\ttf\\DejaVuSans-BoldOblique.ttf', index=0, name='DejaVu Sans', style='oblique', variant='normal', weight=700, stretch='normal', size='scalable')) = 1.335
[2026-08-01 04:44:03] [DEBUG] findfont: score(FontEntry(fname='C:\\Users\\pchuanvn\\Desktop\\Ai_Optimization_Of_Vshape_IPM_motor-main\\venv\\Lib\\site-packages\\matplotlib\\mpl-data\\fonts\\ttf\\DejaVuSansMono.ttf', index=0, name='DejaVu Sans Mono', style='normal', variant='normal', weight=400, stretch='normal', size='scalable')) = 10.05
[2026-08-01 04:44:03] [DEBUG] findfont: score(FontEntry(fname='C:\\Users\\pchuanvn\\Desktop\\Ai_Optimization_Of_Vshape_IPM_motor-main\\venv\\Lib\\site-packages\\matplotlib\\mpl-data\\fonts\\ttf\\STIXSizTwoSymBol.ttf', index=0, name='STIXSizeTwoSym', style='normal', variant='normal', weight=700, stretch='normal', size='scalable')) = 10.335
[2026-08-01 04:44:03] [DEBUG] findfont: score(FontEntry(fname='C:\\Users\\pchuanvn\\Desktop\\Ai_Optimization_Of_Vshape_IPM_motor-main\\venv\\Lib\\site-packages\\matplotlib\\mpl-data\\fonts\\ttf\\DejaVuSerif.ttf', index=0, name='DejaVu Serif', style='normal', variant='normal', weight=400, stretch='normal', size='scalable')) = 10.05
[2026-08-01 04:44:03] [DEBUG] findfont: score(FontEntry(fname='C:\\Users\\pchuanvn\\Desktop\\Ai_Optimization_Of_Vshape_IPM_motor-main\\venv\\Lib\\site-packages\\matplotlib\\mpl-data\\fonts\\ttf\\cmsy10.ttf', index=0, name='cmsy10', style='normal', variant='normal', weight=400, stretch='normal', size='scalable')) = 10.05
[2026-08-01 04:44:03] [DEBUG] findfont: score(FontEntry(fname='C:\\Users\\pchuanvn\\Desktop\\Ai_Optimization_Of_Vshape_IPM_motor-main\\venv\\Lib\\site-packages\\matplotlib\\mpl-data\\fonts\\ttf\\STIXSizThreeSymBol.ttf', index=0, name='STIXSizeThreeSym', style='normal', variant='normal', weight=700, stretch='normal', size='scalable')) = 10.335
[2026-08-01 04:44:03] [DEBUG] findfont: score(FontEntry(fname='C:\\Users\\pchuanvn\\Desktop\\Ai_Optimization_Of_Vshape_IPM_motor-main\\venv\\Lib\\site-packages\\matplotlib\\mpl-data\\fonts\\ttf\\STIXNonUniIta.ttf', index=0, name='STIXNonUnicode', style='italic', variant='normal', weight=400, stretch='normal', size='scalable')) = 11.05
[2026-08-01 04:44:03] [DEBUG] findfont: score(FontEntry(fname='C:\\Users\\pchuanvn\\Desktop\\Ai_Optimization_Of_Vshape_IPM_motor-main\\venv\\Lib\\site-packages\\matplotlib\\mpl-data\\fonts\\ttf\\STIXGeneral.ttf', index=0, name='STIXGeneral', style='normal', variant='normal', weight=400, stretch='normal', size='scalable')) = 10.05
[2026-08-01 04:44:03] [DEBUG] findfont: score(FontEntry(fname='C:\\Users\\pchuanvn\\Desktop\\Ai_Optimization_Of_Vshape_IPM_motor-main\\venv\\Lib\\site-packages\\matplotlib\\mpl-data\\fonts\\ttf\\STIXSizTwoSymReg.ttf', index=0, name='STIXSizeTwoSym', style='normal', variant='normal', weight=400, stretch='normal', size='scalable')) = 10.05
[2026-08-01 04:44:03] [DEBUG] findfont: score(FontEntry(fname='C:\\Users\\pchuanvn\\Desktop\\Ai_Optimization_Of_Vshape_IPM_motor-main\\venv\\Lib\\site-packages\\matplotlib\\mpl-data\\fonts\\ttf\\cmr10.ttf', index=0, name='cmr10', style='normal', variant='normal', weight=400, stretch='normal', size='scalable')) = 10.05
[2026-08-01 04:44:03] [DEBUG] findfont: score(FontEntry(fname='C:\\Users\\pchuanvn\\Desktop\\Ai_Optimization_Of_Vshape_IPM_motor-main\\venv\\Lib\\site-packages\\matplotlib\\mpl-data\\fonts\\ttf\\DejaVuSerif-Italic.ttf', index=0, name='DejaVu Serif', style='italic', variant='normal', weight=400, stretch='normal', size='scalable')) = 11.05
[2026-08-01 04:44:03] [DEBUG] findfont: score(FontEntry(fname='C:\\Users\\pchuanvn\\Desktop\\Ai_Optimization_Of_Vshape_IPM_motor-main\\venv\\Lib\\site-packages\\matplotlib\\mpl-data\\fonts\\ttf\\STIXGeneralItalic.ttf', index=0, name='STIXGeneral', style='italic', variant='normal', weight=400, stretch='normal', size='scalable')) = 11.05
[2026-08-01 04:44:03] [DEBUG] findfont: score(FontEntry(fname='C:\\Users\\pchuanvn\\Desktop\\Ai_Optimization_Of_Vshape_IPM_motor-main\\venv\\Lib\\site-packages\\matplotlib\\mpl-data\\fonts\\ttf\\STIXSizThreeSymReg.ttf', index=0, name='STIXSizeThreeSym', style='normal', variant='normal', weight=400, stretch='normal', size='scalable')) = 10.05
[2026-08-01 04:44:03] [DEBUG] findfont: score(FontEntry(fname='C:\\Users\\pchuanvn\\Desktop\\Ai_Optimization_Of_Vshape_IPM_motor-main\\venv\\Lib\\site-packages\\matplotlib\\mpl-data\\fonts\\ttf\\STIXSizFiveSymReg.ttf', index=0, name='STIXSizeFiveSym', style='normal', variant='normal', weight=400, stretch='normal', size='scalable')) = 10.05
[2026-08-01 04:44:03] [DEBUG] findfont: score(FontEntry(fname='C:\\Users\\pchuanvn\\Desktop\\Ai_Optimization_Of_Vshape_IPM_motor-main\\venv\\Lib\\site-packages\\matplotlib\\mpl-data\\fonts\\ttf\\STIXSizOneSymBol.ttf', index=0, name='STIXSizeOneSym', style='normal', variant='normal', weight=700, stretch='normal', size='scalable')) = 10.335
[2026-08-01 04:44:03] [DEBUG] findfont: score(FontEntry(fname='C:\\Users\\pchuanvn\\Desktop\\Ai_Optimization_Of_Vshape_IPM_motor-main\\venv\\Lib\\site-packages\\matplotlib\\mpl-data\\fonts\\ttf\\STIXNonUniBol.ttf', index=0, name='STIXNonUnicode', style='normal', variant='normal', weight=700, stretch='normal', size='scalable')) = 10.335
[2026-08-01 04:44:03] [DEBUG] findfont: score(FontEntry(fname='C:\\Users\\pchuanvn\\Desktop\\Ai_Optimization_Of_Vshape_IPM_motor-main\\venv\\Lib\\site-packages\\matplotlib\\mpl-data\\fonts\\ttf\\cmss10.ttf', index=0, name='cmss10', style='normal', variant='normal', weight=400, stretch='normal', size='scalable')) = 10.05
[2026-08-01 04:44:03] [DEBUG] findfont: score(FontEntry(fname='C:\\Users\\pchuanvn\\Desktop\\Ai_Optimization_Of_Vshape_IPM_motor-main\\venv\\Lib\\site-packages\\matplotlib\\mpl-data\\fonts\\ttf\\DejaVuSerif-BoldItalic.ttf', index=0, name='DejaVu Serif', style='italic', variant='normal', weight=700, stretch='normal', size='scalable')) = 11.335
[2026-08-01 04:44:03] [DEBUG] findfont: score(FontEntry(fname='C:\\Users\\pchuanvn\\Desktop\\Ai_Optimization_Of_Vshape_IPM_motor-main\\venv\\Lib\\site-packages\\matplotlib\\mpl-data\\fonts\\ttf\\STIXSizOneSymReg.ttf', index=0, name='STIXSizeOneSym', style='normal', variant='normal', weight=400, stretch='normal', size='scalable')) = 10.05
[2026-08-01 04:44:03] [DEBUG] findfont: score(FontEntry(fname='C:\\Users\\pchuanvn\\Desktop\\Ai_Optimization_Of_Vshape_IPM_motor-main\\venv\\Lib\\site-packages\\matplotlib\\mpl-data\\fonts\\ttf\\DejaVuSans-Oblique.ttf', index=0, name='DejaVu Sans', style='oblique', variant='normal', weight=400, stretch='normal', size='scalable')) = 1.05
[2026-08-01 04:44:03] [DEBUG] findfont: score(FontEntry(fname='C:\\Users\\pchuanvn\\Desktop\\Ai_Optimization_Of_Vshape_IPM_motor-main\\venv\\Lib\\site-packages\\matplotlib\\mpl-data\\fonts\\ttf\\DejaVuSerifDisplay.ttf', index=0, name='DejaVu Serif Display', style='normal', variant='normal', weight=400, stretch='normal', size='scalable')) = 10.05
[2026-08-01 04:44:03] [DEBUG] findfont: score(FontEntry(fname='C:\\Users\\pchuanvn\\Desktop\\Ai_Optimization_Of_Vshape_IPM_motor-main\\venv\\Lib\\site-packages\\matplotlib\\mpl-data\\fonts\\ttf\\STIXSizFourSymReg.ttf', index=0, name='STIXSizeFourSym', style='normal', variant='normal', weight=400, stretch='normal', size='scalable')) = 10.05
[2026-08-01 04:44:03] [DEBUG] findfont: score(FontEntry(fname='C:\\Users\\pchuanvn\\Desktop\\Ai_Optimization_Of_Vshape_IPM_motor-main\\venv\\Lib\\site-packages\\matplotlib\\mpl-data\\fonts\\ttf\\cmb10.ttf', index=0, name='cmb10', style='normal', variant='normal', weight=400, stretch='normal', size='scalable')) = 10.05
[2026-08-01 04:44:03] [DEBUG] findfont: score(FontEntry(fname='C:\\Users\\pchuanvn\\Desktop\\Ai_Optimization_Of_Vshape_IPM_motor-main\\venv\\Lib\\site-packages\\matplotlib\\mpl-data\\fonts\\ttf\\cmex10.ttf', index=0, name='cmex10', style='normal', variant='normal', weight=400, stretch='normal', size='scalable')) = 10.05
[2026-08-01 04:44:03] [DEBUG] findfont: score(FontEntry(fname='C:\\Users\\pchuanvn\\Desktop\\Ai_Optimization_Of_Vshape_IPM_motor-main\\venv\\Lib\\site-packages\\matplotlib\\mpl-data\\fonts\\ttf\\cmmi10.ttf', index=0, name='cmmi10', style='normal', variant='normal', weight=400, stretch='normal', size='scalable')) = 10.05
[2026-08-01 04:44:03] [DEBUG] findfont: score(FontEntry(fname='C:\\Users\\pchuanvn\\Desktop\\Ai_Optimization_Of_Vshape_IPM_motor-main\\venv\\Lib\\site-packages\\matplotlib\\mpl-data\\fonts\\ttf\\LastResortHE-Regular.ttf', index=0, name='Last Resort High-Efficiency', style='normal', variant='normal', weight=400, stretch='normal', size='scalable')) = 10.05
[2026-08-01 04:44:03] [DEBUG] findfont: score(FontEntry(fname='C:\\Windows\\Fonts\\calibri.ttf', index=0, name='Calibri', style='normal', variant='normal', weight=400, stretch='normal', size='scalable')) = 10.05
[2026-08-01 04:44:03] [DEBUG] findfont: score(FontEntry(fname='C:\\Windows\\Fonts\\comicbd.ttf', index=0, name='Comic Sans MS', style='normal', variant='normal', weight=700, stretch='normal', size='scalable')) = 10.335
[2026-08-01 04:44:03] [DEBUG] findfont: score(FontEntry(fname='C:\\Windows\\Fonts\\palai.ttf', index=0, name='Palatino Linotype', style='italic', variant='normal', weight=400, stretch='normal', size='scalable')) = 11.05
[2026-08-01 04:44:03] [DEBUG] findfont: score(FontEntry(fname='C:\\Windows\\Fonts\\YuGothB.ttc', index=0, name='Yu Gothic', style='normal', variant='normal', weight=700, stretch='normal', size='scalable')) = 10.335
[2026-08-01 04:44:03] [DEBUG] findfont: score(FontEntry(fname='C:\\Windows\\Fonts\\YuGothB.ttc', index=1, name='Yu Gothic UI', style='normal', variant='normal', weight=700, stretch='normal', size='scalable')) = 10.335
[2026-08-01 04:44:03] [DEBUG] findfont: score(FontEntry(fname='C:\\Windows\\Fonts\\YuGothB.ttc', index=2, name='Yu Gothic UI', style='normal', variant='normal', weight=600, stretch='normal', size='scalable')) = 10.24
[2026-08-01 04:44:03] [DEBUG] findfont: score(FontEntry(fname='C:\\Windows\\Fonts\\YuGothB.ttc', index=2, name='Yu Gothic UI Semibold', style='normal', variant='normal', weight=400, stretch='normal', size='scalable')) = 10.05
[2026-08-01 04:44:03] [DEBUG] findfont: score(FontEntry(fname='C:\\Windows\\Fonts\\himalaya.ttf', index=0, name='Microsoft Himalaya', style='normal', variant='normal', weight=400, stretch='normal', size='scalable')) = 10.05
[2026-08-01 04:44:03] [DEBUG] findfont: score(FontEntry(fname='C:\\Windows\\Fonts\\cour.ttf', index=0, name='Courier New', style='normal', variant='normal', weight=400, stretch='normal', size='scalable')) = 10.05
[2026-08-01 04:44:03] [DEBUG] findfont: score(FontEntry(fname='C:\\Windows\\Fonts\\corbelb.ttf', index=0, name='Corbel', style='normal', variant='normal', weight=700, stretch='normal', size='scalable')) = 10.335
[2026-08-01 04:44:03] [DEBUG] findfont: score(FontEntry(fname='C:\\Windows\\Fonts\\LeelUIsl.ttf', index=0, name='Leelawadee UI', style='normal', variant='normal', weight=350, stretch='normal', size='scalable')) = 10.0975
[2026-08-01 04:44:03] [DEBUG] findfont: score(FontEntry(fname='C:\\Windows\\Fonts\\LeelUIsl.ttf', index=0, name='Leelawadee UI Semilight', style='normal', variant='normal', weight=400, stretch='normal', size='scalable')) = 10.05
[2026-08-01 04:44:03] [DEBUG] findfont: score(FontEntry(fname='C:\\Windows\\Fonts\\simsun.ttc', index=0, name='SimSun', style='normal', variant='normal', weight=400, stretch='normal', size='scalable')) = 10.05
[2026-08-01 04:44:03] [DEBUG] findfont: score(FontEntry(fname='C:\\Windows\\Fonts\\simsun.ttc', index=1, name='NSimSun', style='normal', variant='normal', weight=400, stretch='normal', size='scalable')) = 10.05
[2026-08-01 04:44:03] [DEBUG] findfont: score(FontEntry(fname='C:\\Windows\\Fonts\\seguibli.ttf', index=0, name='Segoe UI', style='italic', variant='normal', weight=900, stretch='normal', size='scalable')) = 11.525
[2026-08-01 04:44:03] [DEBUG] findfont: score(FontEntry(fname='C:\\Windows\\Fonts\\seguibli.ttf', index=0, name='Segoe UI Black', style='italic', variant='normal', weight=400, stretch='normal', size='scalable')) = 11.05
[2026-08-01 04:44:03] [DEBUG] findfont: score(FontEntry(fname='C:\\Windows\\Fonts\\corbeli.ttf', index=0, name='Corbel', style='italic', variant='normal', weight=400, stretch='normal', size='scalable')) = 11.05
[2026-08-01 04:44:03] [DEBUG] findfont: score(FontEntry(fname='C:\\Windows\\Fonts\\timesbi.ttf', index=0, name='Times New Roman', style='italic', variant='normal', weight=700, stretch='normal', size='scalable')) = 11.335
[2026-08-01 04:44:03] [DEBUG] findfont: score(FontEntry(fname='C:\\Windows\\Fonts\\segoeuisl.ttf', index=0, name='Segoe UI', style='normal', variant='normal', weight=350, stretch='normal', size='scalable')) = 10.0975
[2026-08-01 04:44:03] [DEBUG] findfont: score(FontEntry(fname='C:\\Windows\\Fonts\\segoeuisl.ttf', index=0, name='Segoe UI Semilight', style='normal', variant='normal', weight=400, stretch='normal', size='scalable')) = 10.05
[2026-08-01 04:44:03] [DEBUG] findfont: score(FontEntry(fname='C:\\Windows\\Fonts\\corbelz.ttf', index=0, name='Corbel', style='italic', variant='normal', weight=700, stretch='normal', size='scalable')) = 11.335
[2026-08-01 04:44:03] [DEBUG] findfont: score(FontEntry(fname='C:\\Windows\\Fonts\\Candaral.ttf', index=0, name='Candara', style='normal', variant='normal', weight=400, stretch='normal', size='scalable')) = 10.05
[2026-08-01 04:44:03] [DEBUG] findfont: score(FontEntry(fname='C:\\Windows\\Fonts\\Candaral.ttf', index=0, name='Candara Light', style='normal', variant='normal', weight=400, stretch='normal', size='scalable')) = 10.05
[2026-08-01 04:44:03] [DEBUG] findfont: score(FontEntry(fname='C:\\Windows\\Fonts\\verdana.ttf', index=0, name='Verdana', style='normal', variant='normal', weight=400, stretch='normal', size='scalable')) = 3.6863636363636365
[2026-08-01 04:44:03] [DEBUG] findfont: score(FontEntry(fname='C:\\Windows\\Fonts\\calibril.ttf', index=0, name='Calibri', style='normal', variant='normal', weight=300, stretch='normal', size='scalable')) = 10.145
[2026-08-01 04:44:03] [DEBUG] findfont: score(FontEntry(fname='C:\\Windows\\Fonts\\calibril.ttf', index=0, name='Calibri Light', style='normal', variant='normal', weight=400, stretch='normal', size='scalable')) = 10.05
[2026-08-01 04:44:03] [DEBUG] findfont: score(FontEntry(fname='C:\\Windows\\Fonts\\comicz.ttf', index=0, name='Comic Sans MS', style='italic', variant='normal', weight=700, stretch='normal', size='scalable')) = 11.335
[2026-08-01 04:44:03] [DEBUG] findfont: score(FontEntry(fname='C:\\Windows\\Fonts\\malgunbd.ttf', index=0, name='Malgun Gothic', style='normal', variant='normal', weight=700, stretch='normal', size='scalable')) = 10.335
[2026-08-01 04:44:03] [DEBUG] findfont: score(FontEntry(fname='C:\\Windows\\Fonts\\cambriab.ttf', index=0, name='Cambria', style='normal', variant='normal', weight=700, stretch='normal', size='scalable')) = 10.335
[2026-08-01 04:44:03] [DEBUG] findfont: score(FontEntry(fname='C:\\Windows\\Fonts\\comic.ttf', index=0, name='Comic Sans MS', style='normal', variant='normal', weight=400, stretch='normal', size='scalable')) = 10.05
[2026-08-01 04:44:03] [DEBUG] findfont: score(FontEntry(fname='C:\\Windows\\Fonts\\malgunsl.ttf', index=0, name='Malgun Gothic', style='normal', variant='normal', weight=300, stretch='normal', size='scalable')) = 10.145
[2026-08-01 04:44:03] [DEBUG] findfont: score(FontEntry(fname='C:\\Windows\\Fonts\\malgunsl.ttf', index=0, name='Malgun Gothic Semilight', style='normal', variant='normal', weight=400, stretch='normal', size='scalable')) = 10.05
[2026-08-01 04:44:03] [DEBUG] findfont: score(FontEntry(fname='C:\\Windows\\Fonts\\Candaraz.ttf', index=0, name='Candara', style='italic', variant='normal', weight=700, stretch='normal', size='scalable')) = 11.335
[2026-08-01 04:44:03] [DEBUG] findfont: score(FontEntry(fname='C:\\Windows\\Fonts\\msjhbd.ttc', index=0, name='Microsoft JhengHei', style='normal', variant='normal', weight=700, stretch='normal', size='scalable')) = 10.335
[2026-08-01 04:44:03] [DEBUG] findfont: score(FontEntry(fname='C:\\Windows\\Fonts\\msjhbd.ttc', index=1, name='Microsoft JhengHei UI', style='normal', variant='normal', weight=700, stretch='normal', size='scalable')) = 10.335
[2026-08-01 04:44:03] [DEBUG] findfont: score(FontEntry(fname='C:\\Windows\\Fonts\\Nirmala.ttc', index=0, name='Nirmala UI', style='normal', variant='normal', weight=400, stretch='normal', size='scalable')) = 10.05
[2026-08-01 04:44:03] [DEBUG] findfont: score(FontEntry(fname='C:\\Windows\\Fonts\\Nirmala.ttc', index=1, name='Nirmala UI', style='normal', variant='normal', weight=700, stretch='normal', size='scalable')) = 10.335
[2026-08-01 04:44:03] [DEBUG] findfont: score(FontEntry(fname='C:\\Windows\\Fonts\\Nirmala.ttc', index=2, name='Nirmala UI', style='normal', variant='normal', weight=350, stretch='normal', size='scalable')) = 10.0975
[2026-08-01 04:44:03] [DEBUG] findfont: score(FontEntry(fname='C:\\Windows\\Fonts\\Nirmala.ttc', index=2, name='Nirmala UI Semilight', style='normal', variant='normal', weight=400, stretch='normal', size='scalable')) = 10.05
[2026-08-01 04:44:03] [DEBUG] findfont: score(FontEntry(fname='C:\\Windows\\Fonts\\Nirmala.ttc', index=3, name='Nirmala Text', style='normal', variant='normal', weight=400, stretch='normal', size='scalable')) = 10.05
[2026-08-01 04:44:03] [DEBUG] findfont: score(FontEntry(fname='C:\\Windows\\Fonts\\Nirmala.ttc', index=4, name='Nirmala Text', style='normal', variant='normal', weight=700, stretch='normal', size='scalable')) = 10.335
[2026-08-01 04:44:03] [DEBUG] findfont: score(FontEntry(fname='C:\\Windows\\Fonts\\Nirmala.ttc', index=5, name='Nirmala Text', style='normal', variant='normal', weight=350, stretch='normal', size='scalable')) = 10.0975
[2026-08-01 04:44:03] [DEBUG] findfont: score(FontEntry(fname='C:\\Windows\\Fonts\\Nirmala.ttc', index=5, name='Nirmala Text Semilight', style='normal', variant='normal', weight=400, stretch='normal', size='scalable')) = 10.05
[2026-08-01 04:44:03] [DEBUG] findfont: score(FontEntry(fname='C:\\Windows\\Fonts\\segoescb.ttf', index=0, name='Segoe Script', style='normal', variant='normal', weight=700, stretch='normal', size='scalable')) = 10.335
[2026-08-01 04:44:03] [DEBUG] findfont: score(FontEntry(fname='C:\\Windows\\Fonts\\impact.ttf', index=0, name='Impact', style='normal', variant='normal', weight=400, stretch='normal', size='scalable')) = 10.05
[2026-08-01 04:44:03] [DEBUG] findfont: score(FontEntry(fname='C:\\Windows\\Fonts\\times.ttf', index=0, name='Times New Roman', style='normal', variant='normal', weight=400, stretch='normal', size='scalable')) = 10.05
[2026-08-01 04:44:03] [DEBUG] findfont: score(FontEntry(fname='C:\\Windows\\Fonts\\seguisb.ttf', index=0, name='Segoe UI', style='normal', variant='normal', weight=600, stretch='normal', size='scalable')) = 10.24
[2026-08-01 04:44:03] [DEBUG] findfont: score(FontEntry(fname='C:\\Windows\\Fonts\\seguisb.ttf', index=0, name='Segoe UI Semibold', style='normal', variant='normal', weight=400, stretch='normal', size='scalable')) = 10.05
[2026-08-01 04:44:03] [DEBUG] findfont: score(FontEntry(fname='C:\\Windows\\Fonts\\comici.ttf', index=0, name='Comic Sans MS', style='italic', variant='normal', weight=400, stretch='normal', size='scalable')) = 11.05
[2026-08-01 04:44:03] [DEBUG] findfont: score(FontEntry(fname='C:\\Windows\\Fonts\\malgun.ttf', index=0, name='Malgun Gothic', style='normal', variant='normal', weight=400, stretch='normal', size='scalable')) = 10.05
[2026-08-01 04:44:03] [DEBUG] findfont: score(FontEntry(fname='C:\\Windows\\Fonts\\corbell.ttf', index=0, name='Corbel', style='normal', variant='normal', weight=300, stretch='normal', size='scalable')) = 10.145
[2026-08-01 04:44:03] [DEBUG] findfont: score(FontEntry(fname='C:\\Windows\\Fonts\\corbell.ttf', index=0, name='Corbel Light', style='normal', variant='normal', weight=400, stretch='normal', size='scalable')) = 10.05
[2026-08-01 04:44:03] [DEBUG] findfont: score(FontEntry(fname='C:\\Windows\\Fonts\\calibrii.ttf', index=0, name='Calibri', style='italic', variant='normal', weight=400, stretch='normal', size='scalable')) = 11.05
[2026-08-01 04:44:03] [DEBUG] findfont: score(FontEntry(fname='C:\\Windows\\Fonts\\segoeuii.ttf', index=0, name='Segoe UI', style='italic', variant='normal', weight=400, stretch='normal', size='scalable')) = 11.05
[2026-08-01 04:44:03] [DEBUG] findfont: score(FontEntry(fname='C:\\Windows\\Fonts\\corbel.ttf', index=0, name='Corbel', style='normal', variant='normal', weight=400, stretch='normal', size='scalable')) = 10.05
[2026-08-01 04:44:03] [DEBUG] findfont: score(FontEntry(fname='C:\\Windows\\Fonts\\corbelli.ttf', index=0, name='Corbel', style='italic', variant='normal', weight=300, stretch='normal', size='scalable')) = 11.145
[2026-08-01 04:44:03] [DEBUG] findfont: score(FontEntry(fname='C:\\Windows\\Fonts\\corbelli.ttf', index=0, name='Corbel Light', style='italic', variant='normal', weight=400, stretch='normal', size='scalable')) = 11.05
[2026-08-01 04:44:03] [DEBUG] findfont: score(FontEntry(fname='C:\\Windows\\Fonts\\cambriai.ttf', index=0, name='Cambria', style='italic', variant='normal', weight=400, stretch='normal', size='scalable')) = 11.05
[2026-08-01 04:44:03] [DEBUG] findfont: score(FontEntry(fname='C:\\Windows\\Fonts\\ariblk.ttf', index=0, name='Arial', style='normal', variant='normal', weight=900, stretch='normal', size='scalable')) = 6.888636363636364
[2026-08-01 04:44:03] [DEBUG] findfont: score(FontEntry(fname='C:\\Windows\\Fonts\\ariblk.ttf', index=0, name='Arial Black', style='normal', variant='normal', weight=400, stretch='normal', size='scalable')) = 10.05
[2026-08-01 04:44:03] [DEBUG] findfont: score(FontEntry(fname='C:\\Windows\\Fonts\\msyh.ttc', index=0, name='Microsoft YaHei', style='normal', variant='normal', weight=400, stretch='normal', size='scalable')) = 10.05
[2026-08-01 04:44:03] [DEBUG] findfont: score(FontEntry(fname='C:\\Windows\\Fonts\\msyh.ttc', index=1, name='Microsoft YaHei UI', style='normal', variant='normal', weight=400, stretch='normal', size='scalable')) = 10.05
[2026-08-01 04:44:03] [DEBUG] findfont: score(FontEntry(fname='C:\\Windows\\Fonts\\msjh.ttc', index=0, name='Microsoft JhengHei', style='normal', variant='normal', weight=400, stretch='normal', size='scalable')) = 10.05
[2026-08-01 04:44:03] [DEBUG] findfont: score(FontEntry(fname='C:\\Windows\\Fonts\\msjh.ttc', index=1, name='Microsoft JhengHei UI', style='normal', variant='normal', weight=400, stretch='normal', size='scalable')) = 10.05
[2026-08-01 04:44:03] [DEBUG] findfont: score(FontEntry(fname='C:\\Windows\\Fonts\\segoeuiz.ttf', index=0, name='Segoe UI', style='italic', variant='normal', weight=700, stretch='normal', size='scalable')) = 11.335
[2026-08-01 04:44:03] [DEBUG] findfont: score(FontEntry(fname='C:\\Windows\\Fonts\\tahomabd.ttf', index=0, name='Tahoma', style='normal', variant='normal', weight=700, stretch='normal', size='scalable')) = 10.335
[2026-08-01 04:44:03] [DEBUG] findfont: score(FontEntry(fname='C:\\Windows\\Fonts\\constani.ttf', index=0, name='Constantia', style='italic', variant='normal', weight=400, stretch='normal', size='scalable')) = 11.05
[2026-08-01 04:44:03] [DEBUG] findfont: score(FontEntry(fname='C:\\Windows\\Fonts\\SegUIVar.ttf', index=0, name='Segoe UI Variable', style='normal', variant='normal', weight=400, stretch='normal', size='scalable')) = 10.05
[2026-08-01 04:44:03] [DEBUG] findfont: score(FontEntry(fname='C:\\Windows\\Fonts\\verdanaz.ttf', index=0, name='Verdana', style='italic', variant='normal', weight=700, stretch='normal', size='scalable')) = 4.971363636363637
[2026-08-01 04:44:03] [DEBUG] findfont: score(FontEntry(fname='C:\\Windows\\Fonts\\msgothic.ttc', index=0, name='MS Gothic', style='normal', variant='normal', weight=400, stretch='normal', size='scalable')) = 10.05
[2026-08-01 04:44:03] [DEBUG] findfont: score(FontEntry(fname='C:\\Windows\\Fonts\\msgothic.ttc', index=1, name='MS UI Gothic', style='normal', variant='normal', weight=400, stretch='normal', size='scalable')) = 10.05
[2026-08-01 04:44:03] [DEBUG] findfont: score(FontEntry(fname='C:\\Windows\\Fonts\\msgothic.ttc', index=2, name='MS PGothic', style='normal', variant='normal', weight=400, stretch='normal', size='scalable')) = 10.05
[2026-08-01 04:44:03] [DEBUG] findfont: score(FontEntry(fname='C:\\Windows\\Fonts\\trebuc.ttf', index=0, name='Trebuchet MS', style='normal', variant='normal', weight=400, stretch='normal', size='scalable')) = 10.05
[2026-08-01 04:44:03] [DEBUG] findfont: score(FontEntry(fname='C:\\Windows\\Fonts\\ariali.ttf', index=0, name='Arial', style='italic', variant='normal', weight=400, stretch='normal', size='scalable')) = 7.413636363636363
[2026-08-01 04:44:03] [DEBUG] findfont: score(FontEntry(fname='C:\\Windows\\Fonts\\pala.ttf', index=0, name='Palatino Linotype', style='normal', variant='normal', weight=400, stretch='normal', size='scalable')) = 10.05
[2026-08-01 04:44:03] [DEBUG] findfont: score(FontEntry(fname='C:\\Windows\\Fonts\\YuGothM.ttc', index=0, name='Yu Gothic', style='normal', variant='normal', weight=500, stretch='normal', size='scalable')) = 10.145
[2026-08-01 04:44:03] [DEBUG] findfont: score(FontEntry(fname='C:\\Windows\\Fonts\\YuGothM.ttc', index=0, name='Yu Gothic Medium', style='normal', variant='normal', weight=400, stretch='normal', size='scalable')) = 10.05
[2026-08-01 04:44:03] [DEBUG] findfont: score(FontEntry(fname='C:\\Windows\\Fonts\\YuGothM.ttc', index=1, name='Yu Gothic UI', style='normal', variant='normal', weight=400, stretch='normal', size='scalable')) = 10.05
[2026-08-01 04:44:03] [DEBUG] findfont: score(FontEntry(fname='C:\\Windows\\Fonts\\Candara.ttf', index=0, name='Candara', style='normal', variant='normal', weight=400, stretch='normal', size='scalable')) = 10.05
[2026-08-01 04:44:03] [DEBUG] findfont: score(FontEntry(fname='C:\\Windows\\Fonts\\timesbd.ttf', index=0, name='Times New Roman', style='normal', variant='normal', weight=700, stretch='normal', size='scalable')) = 10.335
[2026-08-01 04:44:03] [DEBUG] findfont: score(FontEntry(fname='C:\\Windows\\Fonts\\georgiab.ttf', index=0, name='Georgia', style='normal', variant='normal', weight=700, stretch='normal', size='scalable')) = 10.335
[2026-08-01 04:44:03] [DEBUG] findfont: score(FontEntry(fname='C:\\Windows\\Fonts\\segoeui.ttf', index=0, name='Segoe UI', style='normal', variant='normal', weight=400, stretch='normal', size='scalable')) = 10.05
[2026-08-01 04:44:03] [DEBUG] findfont: score(FontEntry(fname='C:\\Windows\\Fonts\\ntailub.ttf', index=0, name='Microsoft New Tai Lue', style='normal', variant='normal', weight=700, stretch='normal', size='scalable')) = 10.335
[2026-08-01 04:44:03] [DEBUG] findfont: score(FontEntry(fname='C:\\Windows\\Fonts\\seguiemj.ttf', index=0, name='Segoe UI Emoji', style='normal', variant='normal', weight=400, stretch='normal', size='scalable')) = 10.05
[2026-08-01 04:44:03] [DEBUG] findfont: score(FontEntry(fname='C:\\Windows\\Fonts\\segmdl2.ttf', index=0, name='Segoe MDL2 Assets', style='normal', variant='normal', weight=400, stretch='normal', size='scalable')) = 10.05
[2026-08-01 04:44:03] [DEBUG] findfont: score(FontEntry(fname='C:\\Windows\\Fonts\\mingliub.ttc', index=0, name='MingLiU-ExtB', style='normal', variant='normal', weight=400, stretch='normal', size='scalable')) = 10.05
[2026-08-01 04:44:03] [DEBUG] findfont: score(FontEntry(fname='C:\\Windows\\Fonts\\mingliub.ttc', index=1, name='PMingLiU-ExtB', style='normal', variant='normal', weight=400, stretch='normal', size='scalable')) = 10.05
[2026-08-01 04:44:03] [DEBUG] findfont: score(FontEntry(fname='C:\\Windows\\Fonts\\mingliub.ttc', index=2, name='MingLiU_HKSCS-ExtB', style='normal', variant='normal', weight=400, stretch='normal', size='scalable')) = 10.05
[2026-08-01 04:44:03] [DEBUG] findfont: score(FontEntry(fname='C:\\Windows\\Fonts\\mingliub.ttc', index=3, name='MingLiU_MSCS-ExtB', style='normal', variant='normal', weight=400, stretch='normal', size='scalable')) = 10.05
[2026-08-01 04:44:03] [DEBUG] findfont: score(FontEntry(fname='C:\\Windows\\Fonts\\msyi.ttf', index=0, name='Microsoft Yi Baiti', style='normal', variant='normal', weight=400, stretch='normal', size='scalable')) = 10.05
[2026-08-01 04:44:03] [DEBUG] findfont: score(FontEntry(fname='C:\\Windows\\Fonts\\verdanab.ttf', index=0, name='Verdana', style='normal', variant='normal', weight=700, stretch='normal', size='scalable')) = 3.9713636363636367
[2026-08-01 04:44:03] [DEBUG] findfont: score(FontEntry(fname='C:\\Windows\\Fonts\\lucon.ttf', index=0, name='Lucida Console', style='normal', variant='normal', weight=400, stretch='normal', size='scalable')) = 10.05
[2026-08-01 04:44:03] [DEBUG] findfont: score(FontEntry(fname='C:\\Windows\\Fonts\\cambriaz.ttf', index=0, name='Cambria', style='italic', variant='normal', weight=700, stretch='normal', size='scalable')) = 11.335
[2026-08-01 04:44:03] [DEBUG] findfont: score(FontEntry(fname='C:\\Windows\\Fonts\\constanz.ttf', index=0, name='Constantia', style='italic', variant='normal', weight=700, stretch='normal', size='scalable')) = 11.335
[2026-08-01 04:44:03] [DEBUG] findfont: score(FontEntry(fname='C:\\Windows\\Fonts\\webdings.ttf', index=0, name='Webdings', style='normal', variant='normal', weight=400, stretch='normal', size='scalable')) = 10.05
[2026-08-01 04:44:03] [DEBUG] findfont: score(FontEntry(fname='C:\\Windows\\Fonts\\gadugib.ttf', index=0, name='Gadugi', style='normal', variant='normal', weight=700, stretch='normal', size='scalable')) = 10.335
[2026-08-01 04:44:03] [DEBUG] findfont: score(FontEntry(fname='C:\\Windows\\Fonts\\SegoeIcons.ttf', index=0, name='Segoe Fluent Icons', style='normal', variant='normal', weight=400, stretch='normal', size='scalable')) = 10.05
[2026-08-01 04:44:03] [DEBUG] findfont: score(FontEntry(fname='C:\\Windows\\Fonts\\arialbi.ttf', index=0, name='Arial', style='italic', variant='normal', weight=700, stretch='normal', size='scalable')) = 7.698636363636363
[2026-08-01 04:44:03] [DEBUG] findfont: score(FontEntry(fname='C:\\Windows\\Fonts\\trebucbi.ttf', index=0, name='Trebuchet MS', style='italic', variant='normal', weight=700, stretch='normal', size='scalable')) = 11.335
[2026-08-01 04:44:03] [DEBUG] findfont: score(FontEntry(fname='C:\\Windows\\Fonts\\bahnschrift.ttf', index=0, name='Bahnschrift', style='normal', variant='normal', weight=400, stretch='normal', size='scalable')) = 10.05
[2026-08-01 04:44:03] [DEBUG] findfont: score(FontEntry(fname='C:\\Windows\\Fonts\\SitkaVF-Italic.ttf', index=0, name='Sitka', style='italic', variant='normal', weight=400, stretch='normal', size='scalable')) = 11.05
[2026-08-01 04:44:03] [DEBUG] findfont: score(FontEntry(fname='C:\\Windows\\Fonts\\SitkaVF-Italic.ttf', index=0, name='Sitka Text', style='italic', variant='normal', weight=400, stretch='normal', size='scalable')) = 11.05
[2026-08-01 04:44:03] [DEBUG] findfont: score(FontEntry(fname='C:\\Windows\\Fonts\\georgiai.ttf', index=0, name='Georgia', style='italic', variant='normal', weight=400, stretch='normal', size='scalable')) = 11.05
[2026-08-01 04:44:03] [DEBUG] findfont: score(FontEntry(fname='C:\\Windows\\Fonts\\framdit.ttf', index=0, name='Franklin Gothic Medium', style='italic', variant='normal', weight=400, stretch='normal', size='scalable')) = 11.05
[2026-08-01 04:44:03] [DEBUG] findfont: score(FontEntry(fname='C:\\Windows\\Fonts\\georgiaz.ttf', index=0, name='Georgia', style='italic', variant='normal', weight=700, stretch='normal', size='scalable')) = 11.335
[2026-08-01 04:44:03] [DEBUG] findfont: score(FontEntry(fname='C:\\Windows\\Fonts\\symbol.ttf', index=0, name='Symbol', style='normal', variant='normal', weight=400, stretch='normal', size='scalable')) = 10.05
[2026-08-01 04:44:03] [DEBUG] findfont: score(FontEntry(fname='C:\\Windows\\Fonts\\mvboli.ttf', index=0, name='MV Boli', style='normal', variant='normal', weight=400, stretch='normal', size='scalable')) = 10.05
[2026-08-01 04:44:03] [DEBUG] findfont: score(FontEntry(fname='C:\\Windows\\Fonts\\micross.ttf', index=0, name='Microsoft Sans Serif', style='normal', variant='normal', weight=400, stretch='normal', size='scalable')) = 10.05
[2026-08-01 04:44:03] [DEBUG] findfont: score(FontEntry(fname='C:\\Windows\\Fonts\\ebrimabd.ttf', index=0, name='Ebrima', style='normal', variant='normal', weight=700, stretch='normal', size='scalable')) = 10.335
[2026-08-01 04:44:03] [DEBUG] findfont: score(FontEntry(fname='C:\\Windows\\Fonts\\YuGothR.ttc', index=0, name='Yu Gothic', style='normal', variant='normal', weight=400, stretch='normal', size='scalable')) = 10.05
[2026-08-01 04:44:03] [DEBUG] findfont: score(FontEntry(fname='C:\\Windows\\Fonts\\YuGothR.ttc', index=1, name='Yu Gothic UI', style='normal', variant='normal', weight=350, stretch='normal', size='scalable')) = 10.0975
[2026-08-01 04:44:03] [DEBUG] findfont: score(FontEntry(fname='C:\\Windows\\Fonts\\YuGothR.ttc', index=1, name='Yu Gothic UI Semilight', style='normal', variant='normal', weight=400, stretch='normal', size='scalable')) = 10.05
[2026-08-01 04:44:03] [DEBUG] findfont: score(FontEntry(fname='C:\\Windows\\Fonts\\wingding.ttf', index=0, name='Wingdings', style='normal', variant='normal', weight=400, stretch='normal', size='scalable')) = 10.05
[2026-08-01 04:44:03] [DEBUG] findfont: score(FontEntry(fname='C:\\Windows\\Fonts\\tahoma.ttf', index=0, name='Tahoma', style='normal', variant='normal', weight=400, stretch='normal', size='scalable')) = 10.05
[2026-08-01 04:44:03] [DEBUG] findfont: score(FontEntry(fname='C:\\Windows\\Fonts\\arial.ttf', index=0, name='Arial', style='normal', variant='normal', weight=400, stretch='normal', size='scalable')) = 6.413636363636363
[2026-08-01 04:44:03] [DEBUG] findfont: score(FontEntry(fname='C:\\Windows\\Fonts\\calibrili.ttf', index=0, name='Calibri', style='italic', variant='normal', weight=300, stretch='normal', size='scalable')) = 11.145
[2026-08-01 04:44:03] [DEBUG] findfont: score(FontEntry(fname='C:\\Windows\\Fonts\\calibrili.ttf', index=0, name='Calibri Light', style='italic', variant='normal', weight=400, stretch='normal', size='scalable')) = 11.05
[2026-08-01 04:44:03] [DEBUG] findfont: score(FontEntry(fname='C:\\Windows\\Fonts\\SansSerifCollection.ttf', index=0, name='Sans Serif Collection', style='normal', variant='normal', weight=400, stretch='normal', size='scalable')) = 10.05
[2026-08-01 04:44:03] [DEBUG] findfont: score(FontEntry(fname='C:\\Windows\\Fonts\\ntailu.ttf', index=0, name='Microsoft New Tai Lue', style='normal', variant='normal', weight=400, stretch='normal', size='scalable')) = 10.05
[2026-08-01 04:44:03] [DEBUG] findfont: score(FontEntry(fname='C:\\Windows\\Fonts\\taileb.ttf', index=0, name='Microsoft Tai Le', style='normal', variant='normal', weight=700, stretch='normal', size='scalable')) = 10.335
[2026-08-01 04:44:03] [DEBUG] findfont: score(FontEntry(fname='C:\\Windows\\Fonts\\courbd.ttf', index=0, name='Courier New', style='normal', variant='normal', weight=700, stretch='normal', size='scalable')) = 10.335
[2026-08-01 04:44:03] [DEBUG] findfont: score(FontEntry(fname='C:\\Windows\\Fonts\\constan.ttf', index=0, name='Constantia', style='normal', variant='normal', weight=400, stretch='normal', size='scalable')) = 10.05
[2026-08-01 04:44:03] [DEBUG] findfont: score(FontEntry(fname='C:\\Windows\\Fonts\\calibrib.ttf', index=0, name='Calibri', style='normal', variant='normal', weight=700, stretch='normal', size='scalable')) = 10.335
[2026-08-01 04:44:03] [DEBUG] findfont: score(FontEntry(fname='C:\\Windows\\Fonts\\monbaiti.ttf', index=0, name='Mongolian Baiti', style='normal', variant='normal', weight=400, stretch='normal', size='scalable')) = 10.05
[2026-08-01 04:44:03] [DEBUG] findfont: score(FontEntry(fname='C:\\Windows\\Fonts\\seguihis.ttf', index=0, name='Segoe UI Historic', style='normal', variant='normal', weight=400, stretch='normal', size='scalable')) = 10.05
[2026-08-01 04:44:03] [DEBUG] findfont: score(FontEntry(fname='C:\\Windows\\Fonts\\verdanai.ttf', index=0, name='Verdana', style='italic', variant='normal', weight=400, stretch='normal', size='scalable')) = 4.6863636363636365
[2026-08-01 04:44:03] [DEBUG] findfont: score(FontEntry(fname='C:\\Windows\\Fonts\\consolab.ttf', index=0, name='Consolas', style='normal', variant='normal', weight=700, stretch='normal', size='scalable')) = 10.335
[2026-08-01 04:44:03] [DEBUG] findfont: score(FontEntry(fname='C:\\Windows\\Fonts\\trebucit.ttf', index=0, name='Trebuchet MS', style='italic', variant='normal', weight=400, stretch='normal', size='scalable')) = 11.05
[2026-08-01 04:44:03] [DEBUG] findfont: score(FontEntry(fname='C:\\Windows\\Fonts\\ebrima.ttf', index=0, name='Ebrima', style='normal', variant='normal', weight=400, stretch='normal', size='scalable')) = 10.05
[2026-08-01 04:44:03] [DEBUG] findfont: score(FontEntry(fname='C:\\Windows\\Fonts\\framd.ttf', index=0, name='Franklin Gothic Medium', style='normal', variant='normal', weight=400, stretch='normal', size='scalable')) = 10.05
[2026-08-01 04:44:03] [DEBUG] findfont: score(FontEntry(fname='C:\\Windows\\Fonts\\phagspa.ttf', index=0, name='Microsoft PhagsPa', style='normal', variant='normal', weight=400, stretch='normal', size='scalable')) = 10.05
[2026-08-01 04:44:03] [DEBUG] findfont: score(FontEntry(fname='C:\\Windows\\Fonts\\LeelawUI.ttf', index=0, name='Leelawadee UI', style='normal', variant='normal', weight=400, stretch='normal', size='scalable')) = 10.05
[2026-08-01 04:44:03] [DEBUG] findfont: score(FontEntry(fname='C:\\Windows\\Fonts\\System_Detect.ttf', index=0, name='System Detect', style='normal', variant='normal', weight=400, stretch='normal', size='scalable')) = 10.05
[2026-08-01 04:44:03] [DEBUG] findfont: score(FontEntry(fname='C:\\Windows\\Fonts\\SitkaVF.ttf', index=0, name='Sitka', style='normal', variant='normal', weight=400, stretch='normal', size='scalable')) = 10.05
[2026-08-01 04:44:03] [DEBUG] findfont: score(FontEntry(fname='C:\\Windows\\Fonts\\SitkaVF.ttf', index=0, name='Sitka Text', style='normal', variant='normal', weight=400, stretch='normal', size='scalable')) = 10.05
[2026-08-01 04:44:03] [DEBUG] findfont: score(FontEntry(fname='C:\\Windows\\Fonts\\seguili.ttf', index=0, name='Segoe UI', style='italic', variant='normal', weight=300, stretch='normal', size='scalable')) = 11.145
[2026-08-01 04:44:03] [DEBUG] findfont: score(FontEntry(fname='C:\\Windows\\Fonts\\seguili.ttf', index=0, name='Segoe UI Light', style='italic', variant='normal', weight=400, stretch='normal', size='scalable')) = 11.05
[2026-08-01 04:44:03] [DEBUG] findfont: score(FontEntry(fname='C:\\Windows\\Fonts\\segoeuil.ttf', index=0, name='Segoe UI', style='normal', variant='normal', weight=300, stretch='normal', size='scalable')) = 10.145
[2026-08-01 04:44:03] [DEBUG] findfont: score(FontEntry(fname='C:\\Windows\\Fonts\\segoeuil.ttf', index=0, name='Segoe UI Light', style='normal', variant='normal', weight=400, stretch='normal', size='scalable')) = 10.05
[2026-08-01 04:44:03] [DEBUG] findfont: score(FontEntry(fname='C:\\Windows\\Fonts\\LeelaUIb.ttf', index=0, name='Leelawadee UI', style='normal', variant='normal', weight=700, stretch='normal', size='scalable')) = 10.335
[2026-08-01 04:44:03] [DEBUG] findfont: score(FontEntry(fname='C:\\Windows\\Fonts\\Inkfree.ttf', index=0, name='Ink Free', style='normal', variant='normal', weight=400, stretch='normal', size='scalable')) = 10.05
[2026-08-01 04:44:03] [DEBUG] findfont: score(FontEntry(fname='C:\\Windows\\Fonts\\palab.ttf', index=0, name='Palatino Linotype', style='normal', variant='normal', weight=700, stretch='normal', size='scalable')) = 10.335
[2026-08-01 04:44:03] [DEBUG] findfont: score(FontEntry(fname='C:\\Windows\\Fonts\\simsunb.ttf', index=0, name='SimSun-ExtB', style='normal', variant='normal', weight=400, stretch='normal', size='scalable')) = 10.05
[2026-08-01 04:44:03] [DEBUG] findfont: score(FontEntry(fname='C:\\Windows\\Fonts\\segoeuib.ttf', index=0, name='Segoe UI', style='normal', variant='normal', weight=700, stretch='normal', size='scalable')) = 10.335
[2026-08-01 04:44:03] [DEBUG] findfont: score(FontEntry(fname='C:\\Windows\\Fonts\\consola.ttf', index=0, name='Consolas', style='normal', variant='normal', weight=400, stretch='normal', size='scalable')) = 10.05
[2026-08-01 04:44:03] [DEBUG] findfont: score(FontEntry(fname='C:\\Windows\\Fonts\\segoepr.ttf', index=0, name='Segoe Print', style='normal', variant='normal', weight=400, stretch='normal', size='scalable')) = 10.05
[2026-08-01 04:44:03] [DEBUG] findfont: score(FontEntry(fname='C:\\Windows\\Fonts\\SimsunExtG.ttf', index=0, name='SimSun-ExtG', style='normal', variant='normal', weight=400, stretch='normal', size='scalable')) = 10.05
[2026-08-01 04:44:03] [DEBUG] findfont: score(FontEntry(fname='C:\\Windows\\Fonts\\phagspab.ttf', index=0, name='Microsoft PhagsPa', style='normal', variant='normal', weight=700, stretch='normal', size='scalable')) = 10.335
[2026-08-01 04:44:03] [DEBUG] findfont: score(FontEntry(fname='C:\\Windows\\Fonts\\taile.ttf', index=0, name='Microsoft Tai Le', style='normal', variant='normal', weight=400, stretch='normal', size='scalable')) = 10.05
[2026-08-01 04:44:03] [DEBUG] findfont: score(FontEntry(fname='C:\\Windows\\Fonts\\Candarali.ttf', index=0, name='Candara', style='italic', variant='normal', weight=400, stretch='normal', size='scalable')) = 11.05
[2026-08-01 04:44:03] [DEBUG] findfont: score(FontEntry(fname='C:\\Windows\\Fonts\\Candarali.ttf', index=0, name='Candara Light', style='italic', variant='normal', weight=400, stretch='normal', size='scalable')) = 11.05
[2026-08-01 04:44:03] [DEBUG] findfont: score(FontEntry(fname='C:\\Windows\\Fonts\\Candarab.ttf', index=0, name='Candara', style='normal', variant='normal', weight=700, stretch='normal', size='scalable')) = 10.335
[2026-08-01 04:44:03] [DEBUG] findfont: score(FontEntry(fname='C:\\Windows\\Fonts\\consolaz.ttf', index=0, name='Consolas', style='italic', variant='normal', weight=700, stretch='normal', size='scalable')) = 11.335
[2026-08-01 04:44:03] [DEBUG] findfont: score(FontEntry(fname='C:\\Windows\\Fonts\\sylfaen.ttf', index=0, name='Sylfaen', style='normal', variant='normal', weight=400, stretch='normal', size='scalable')) = 10.05
[2026-08-01 04:44:03] [DEBUG] findfont: score(FontEntry(fname='C:\\Windows\\Fonts\\msjhl.ttc', index=0, name='Microsoft JhengHei', style='normal', variant='normal', weight=290, stretch='normal', size='scalable')) = 10.1545
[2026-08-01 04:44:03] [DEBUG] findfont: score(FontEntry(fname='C:\\Windows\\Fonts\\msjhl.ttc', index=0, name='Microsoft JhengHei Light', style='normal', variant='normal', weight=400, stretch='normal', size='scalable')) = 10.05
[2026-08-01 04:44:03] [DEBUG] findfont: score(FontEntry(fname='C:\\Windows\\Fonts\\msjhl.ttc', index=1, name='Microsoft JhengHei UI', style='normal', variant='normal', weight=290, stretch='normal', size='scalable')) = 10.1545
[2026-08-01 04:44:03] [DEBUG] findfont: score(FontEntry(fname='C:\\Windows\\Fonts\\msjhl.ttc', index=1, name='Microsoft JhengHei UI Light', style='normal', variant='normal', weight=400, stretch='normal', size='scalable')) = 10.05
[2026-08-01 04:44:03] [DEBUG] findfont: score(FontEntry(fname='C:\\Windows\\Fonts\\arialbd.ttf', index=0, name='Arial', style='normal', variant='normal', weight=700, stretch='normal', size='scalable')) = 6.698636363636363
[2026-08-01 04:44:03] [DEBUG] findfont: score(FontEntry(fname='C:\\Windows\\Fonts\\mmrtextb.ttf', index=0, name='Myanmar Text', style='normal', variant='normal', weight=700, stretch='normal', size='scalable')) = 10.335
[2026-08-01 04:44:03] [DEBUG] findfont: score(FontEntry(fname='C:\\Windows\\Fonts\\seguisli.ttf', index=0, name='Segoe UI', style='italic', variant='normal', weight=350, stretch='normal', size='scalable')) = 11.0975
[2026-08-01 04:44:03] [DEBUG] findfont: score(FontEntry(fname='C:\\Windows\\Fonts\\seguisli.ttf', index=0, name='Segoe UI Semilight', style='italic', variant='normal', weight=400, stretch='normal', size='scalable')) = 11.05
[2026-08-01 04:44:03] [DEBUG] findfont: score(FontEntry(fname='C:\\Windows\\Fonts\\cambria.ttc', index=0, name='Cambria', style='normal', variant='normal', weight=400, stretch='normal', size='scalable')) = 10.05
[2026-08-01 04:44:03] [DEBUG] findfont: score(FontEntry(fname='C:\\Windows\\Fonts\\cambria.ttc', index=1, name='Cambria Math', style='normal', variant='normal', weight=400, stretch='normal', size='scalable')) = 10.05
[2026-08-01 04:44:03] [DEBUG] findfont: score(FontEntry(fname='C:\\Windows\\Fonts\\seguisym.ttf', index=0, name='Segoe UI Symbol', style='normal', variant='normal', weight=400, stretch='normal', size='scalable')) = 10.05
[2026-08-01 04:44:03] [DEBUG] findfont: score(FontEntry(fname='C:\\Windows\\Fonts\\msyhbd.ttc', index=0, name='Microsoft YaHei', style='normal', variant='normal', weight=700, stretch='normal', size='scalable')) = 10.335
[2026-08-01 04:44:03] [DEBUG] findfont: score(FontEntry(fname='C:\\Windows\\Fonts\\msyhbd.ttc', index=1, name='Microsoft YaHei UI', style='normal', variant='normal', weight=700, stretch='normal', size='scalable')) = 10.335
[2026-08-01 04:44:03] [DEBUG] findfont: score(FontEntry(fname='C:\\Windows\\Fonts\\Gabriola.ttf', index=0, name='Gabriola', style='normal', variant='normal', weight=400, stretch='normal', size='scalable')) = 10.05
[2026-08-01 04:44:03] [DEBUG] findfont: score(FontEntry(fname='C:\\Windows\\Fonts\\javatext.ttf', index=0, name='Javanese Text', style='normal', variant='normal', weight=400, stretch='normal', size='scalable')) = 10.05
[2026-08-01 04:44:03] [DEBUG] findfont: score(FontEntry(fname='C:\\Windows\\Fonts\\couri.ttf', index=0, name='Courier New', style='italic', variant='normal', weight=400, stretch='normal', size='scalable')) = 11.05
[2026-08-01 04:44:03] [DEBUG] findfont: score(FontEntry(fname='C:\\Windows\\Fonts\\georgia.ttf', index=0, name='Georgia', style='normal', variant='normal', weight=400, stretch='normal', size='scalable')) = 10.05
[2026-08-01 04:44:03] [DEBUG] findfont: score(FontEntry(fname='C:\\Windows\\Fonts\\seguisbi.ttf', index=0, name='Segoe UI', style='italic', variant='normal', weight=600, stretch='normal', size='scalable')) = 11.24
[2026-08-01 04:44:03] [DEBUG] findfont: score(FontEntry(fname='C:\\Windows\\Fonts\\seguisbi.ttf', index=0, name='Segoe UI Semibold', style='italic', variant='normal', weight=400, stretch='normal', size='scalable')) = 11.05
[2026-08-01 04:44:03] [DEBUG] findfont: score(FontEntry(fname='C:\\Windows\\Fonts\\YuGothL.ttc', index=0, name='Yu Gothic', style='normal', variant='normal', weight=300, stretch='normal', size='scalable')) = 10.145
[2026-08-01 04:44:03] [DEBUG] findfont: score(FontEntry(fname='C:\\Windows\\Fonts\\YuGothL.ttc', index=0, name='Yu Gothic Light', style='normal', variant='normal', weight=400, stretch='normal', size='scalable')) = 10.05
[2026-08-01 04:44:03] [DEBUG] findfont: score(FontEntry(fname='C:\\Windows\\Fonts\\YuGothL.ttc', index=1, name='Yu Gothic UI', style='normal', variant='normal', weight=300, stretch='normal', size='scalable')) = 10.145
[2026-08-01 04:44:03] [DEBUG] findfont: score(FontEntry(fname='C:\\Windows\\Fonts\\YuGothL.ttc', index=1, name='Yu Gothic UI Light', style='normal', variant='normal', weight=400, stretch='normal', size='scalable')) = 10.05
[2026-08-01 04:44:03] [DEBUG] findfont: score(FontEntry(fname='C:\\Windows\\Fonts\\msyhl.ttc', index=0, name='Microsoft YaHei', style='normal', variant='normal', weight=290, stretch='normal', size='scalable')) = 10.1545
[2026-08-01 04:44:03] [DEBUG] findfont: score(FontEntry(fname='C:\\Windows\\Fonts\\msyhl.ttc', index=0, name='Microsoft YaHei Light', style='normal', variant='normal', weight=400, stretch='normal', size='scalable')) = 10.05
[2026-08-01 04:44:03] [DEBUG] findfont: score(FontEntry(fname='C:\\Windows\\Fonts\\msyhl.ttc', index=1, name='Microsoft YaHei UI', style='normal', variant='normal', weight=290, stretch='normal', size='scalable')) = 10.1545
[2026-08-01 04:44:03] [DEBUG] findfont: score(FontEntry(fname='C:\\Windows\\Fonts\\msyhl.ttc', index=1, name='Microsoft YaHei UI Light', style='normal', variant='normal', weight=400, stretch='normal', size='scalable')) = 10.05
[2026-08-01 04:44:03] [DEBUG] findfont: score(FontEntry(fname='C:\\Windows\\Fonts\\l_10646.ttf', index=0, name='Lucida Sans Unicode', style='normal', variant='normal', weight=400, stretch='normal', size='scalable')) = 10.05
[2026-08-01 04:44:03] [DEBUG] findfont: score(FontEntry(fname='C:\\Windows\\Fonts\\segoeprb.ttf', index=0, name='Segoe Print', style='normal', variant='normal', weight=700, stretch='normal', size='scalable')) = 10.335
[2026-08-01 04:44:03] [DEBUG] findfont: score(FontEntry(fname='C:\\Windows\\Fonts\\timesi.ttf', index=0, name='Times New Roman', style='italic', variant='normal', weight=400, stretch='normal', size='scalable')) = 11.05
[2026-08-01 04:44:03] [DEBUG] findfont: score(FontEntry(fname='C:\\Windows\\Fonts\\consolai.ttf', index=0, name='Consolas', style='italic', variant='normal', weight=400, stretch='normal', size='scalable')) = 11.05
[2026-08-01 04:44:03] [DEBUG] findfont: score(FontEntry(fname='C:\\Windows\\Fonts\\palabi.ttf', index=0, name='Palatino Linotype', style='italic', variant='normal', weight=700, stretch='normal', size='scalable')) = 11.335
[2026-08-01 04:44:03] [DEBUG] findfont: score(FontEntry(fname='C:\\Windows\\Fonts\\seguibl.ttf', index=0, name='Segoe UI', style='normal', variant='normal', weight=900, stretch='normal', size='scalable')) = 10.525
[2026-08-01 04:44:03] [DEBUG] findfont: score(FontEntry(fname='C:\\Windows\\Fonts\\seguibl.ttf', index=0, name='Segoe UI Black', style='normal', variant='normal', weight=400, stretch='normal', size='scalable')) = 10.05
[2026-08-01 04:44:03] [DEBUG] findfont: score(FontEntry(fname='C:\\Windows\\Fonts\\segoesc.ttf', index=0, name='Segoe Script', style='normal', variant='normal', weight=400, stretch='normal', size='scalable')) = 10.05
[2026-08-01 04:44:03] [DEBUG] findfont: score(FontEntry(fname='C:\\Windows\\Fonts\\gadugi.ttf', index=0, name='Gadugi', style='normal', variant='normal', weight=400, stretch='normal', size='scalable')) = 10.05
[2026-08-01 04:44:03] [DEBUG] findfont: score(FontEntry(fname='C:\\Windows\\Fonts\\calibriz.ttf', index=0, name='Calibri', style='italic', variant='normal', weight=700, stretch='normal', size='scalable')) = 11.335
[2026-08-01 04:44:03] [DEBUG] findfont: score(FontEntry(fname='C:\\Windows\\Fonts\\constanb.ttf', index=0, name='Constantia', style='normal', variant='normal', weight=700, stretch='normal', size='scalable')) = 10.335
[2026-08-01 04:44:03] [DEBUG] findfont: score(FontEntry(fname='C:\\Windows\\Fonts\\courbi.ttf', index=0, name='Courier New', style='italic', variant='normal', weight=700, stretch='normal', size='scalable')) = 11.335
[2026-08-01 04:44:03] [DEBUG] findfont: score(FontEntry(fname='C:\\Windows\\Fonts\\Candarai.ttf', index=0, name='Candara', style='italic', variant='normal', weight=400, stretch='normal', size='scalable')) = 11.05
[2026-08-01 04:44:03] [DEBUG] findfont: score(FontEntry(fname='C:\\Windows\\Fonts\\mmrtext.ttf', index=0, name='Myanmar Text', style='normal', variant='normal', weight=400, stretch='normal', size='scalable')) = 10.05
[2026-08-01 04:44:03] [DEBUG] findfont: score(FontEntry(fname='C:\\Windows\\Fonts\\trebucbd.ttf', index=0, name='Trebuchet MS', style='normal', variant='normal', weight=700, stretch='normal', size='scalable')) = 10.335
[2026-08-01 04:44:03] [DEBUG] findfont: Matching sans\-serif:style=normal:variant=normal:weight=normal:stretch=normal:size=12.0 to DejaVu Sans ('C:\\Users\\pchuanvn\\Desktop\\Ai_Optimization_Of_Vshape_IPM_motor-main\\venv\\Lib\\site-packages\\matplotlib\\mpl-data\\fonts\\ttf\\DejaVuSans.ttf') with score of 0.050000.
[2026-08-01 04:44:04] [INFO] Saved Pareto front plot to C:\Users\pchuanvn\Desktop\Ai_Optimization_Of_Vshape_IPM_motor-main\outputs\run_20260801_001736\pareto_front.png
[2026-08-01 04:44:04] [DEBUG] locator: <matplotlib.ticker.AutoLocator object at 0x00000195068FF690>
[2026-08-01 04:44:05] [INFO] Saved 3D Pareto plot to C:\Users\pchuanvn\Desktop\Ai_Optimization_Of_Vshape_IPM_motor-main\outputs\run_20260801_001736\pareto_3d.png
[2026-08-01 04:44:06] [INFO] Saved Parallel Coordinates plot to C:\Users\pchuanvn\Desktop\Ai_Optimization_Of_Vshape_IPM_motor-main\outputs\run_20260801_001736\parallel_coordinates.png
[2026-08-01 04:44:06] [INFO] Saved Convergence History plot to C:\Users\pchuanvn\Desktop\Ai_Optimization_Of_Vshape_IPM_motor-main\outputs\run_20260801_001736\convergence_history.png
[2026-08-01 04:44:06] [INFO] Cleaning up temporary project files and raw CSV files...
